-- phpMyAdmin SQL Dump
-- version 4.9.1
-- https://www.phpmyadmin.net/
--
-- Host: 127.0.0.1
-- Generation Time: Jun 28, 2020 at 12:15 AM
-- Server version: 10.4.8-MariaDB
-- PHP Version: 7.3.10

SET SQL_MODE = "NO_AUTO_VALUE_ON_ZERO";
SET AUTOCOMMIT = 0;
START TRANSACTION;
SET time_zone = "+00:00";


/*!40101 SET @OLD_CHARACTER_SET_CLIENT=@@CHARACTER_SET_CLIENT */;
/*!40101 SET @OLD_CHARACTER_SET_RESULTS=@@CHARACTER_SET_RESULTS */;
/*!40101 SET @OLD_COLLATION_CONNECTION=@@COLLATION_CONNECTION */;
/*!40101 SET NAMES utf8mb4 */;

--
-- Database: `eapi`
--

-- --------------------------------------------------------

--
-- Table structure for table `failed_jobs`
--

CREATE TABLE `failed_jobs` (
  `id` bigint(20) UNSIGNED NOT NULL,
  `connection` text COLLATE utf8mb4_unicode_ci NOT NULL,
  `queue` text COLLATE utf8mb4_unicode_ci NOT NULL,
  `payload` longtext COLLATE utf8mb4_unicode_ci NOT NULL,
  `exception` longtext COLLATE utf8mb4_unicode_ci NOT NULL,
  `failed_at` timestamp NOT NULL DEFAULT current_timestamp()
) ENGINE=InnoDB DEFAULT CHARSET=utf8mb4 COLLATE=utf8mb4_unicode_ci;

-- --------------------------------------------------------

--
-- Table structure for table `migrations`
--

CREATE TABLE `migrations` (
  `id` int(10) UNSIGNED NOT NULL,
  `migration` varchar(255) COLLATE utf8mb4_unicode_ci NOT NULL,
  `batch` int(11) NOT NULL
) ENGINE=InnoDB DEFAULT CHARSET=utf8mb4 COLLATE=utf8mb4_unicode_ci;

--
-- Dumping data for table `migrations`
--

INSERT INTO `migrations` (`id`, `migration`, `batch`) VALUES
(1, '2014_10_12_000000_create_users_table', 1),
(2, '2019_08_19_000000_create_failed_jobs_table', 1),
(3, '2020_06_27_072256_create_products_table', 1),
(4, '2020_06_27_072853_create_reviews_table', 1);

-- --------------------------------------------------------

--
-- Table structure for table `products`
--

CREATE TABLE `products` (
  `id` bigint(20) UNSIGNED NOT NULL,
  `name` varchar(255) COLLATE utf8mb4_unicode_ci NOT NULL,
  `detail` text COLLATE utf8mb4_unicode_ci NOT NULL,
  `price` double(8,2) NOT NULL,
  `stock` int(11) NOT NULL,
  `discount` double(8,2) NOT NULL,
  `created_at` timestamp NULL DEFAULT NULL,
  `updated_at` timestamp NULL DEFAULT NULL
) ENGINE=InnoDB DEFAULT CHARSET=utf8mb4 COLLATE=utf8mb4_unicode_ci;

--
-- Dumping data for table `products`
--

INSERT INTO `products` (`id`, `name`, `detail`, `price`, `stock`, `discount`, `created_at`, `updated_at`) VALUES
(1, 'vel', 'Atque facere eum molestiae quia sit explicabo aspernatur. Velit eum molestiae aliquid sint voluptas fuga veritatis dolorum. Sunt aut cum ea blanditiis ipsa rerum magnam. Voluptatum eum illo ullam fugiat est quia repudiandae.', 347.19, 1, 22.56, '2020-06-27 21:11:49', '2020-06-27 21:11:49'),
(2, 'voluptas', 'Aliquid nesciunt qui id. Minus aut praesentium rerum et et. Porro non facere error voluptas beatae sit deserunt totam.', 202.32, 2, 6.34, '2020-06-27 21:11:49', '2020-06-27 21:11:49'),
(3, 'omnis', 'Sit sed repudiandae mollitia voluptatem cupiditate et. Incidunt architecto quaerat dicta placeat eveniet cupiditate ullam. Eos et eos eos.', 873.26, 8, 27.32, '2020-06-27 21:11:49', '2020-06-27 21:11:49'),
(4, 'doloribus', 'Necessitatibus voluptatem reprehenderit qui qui eum aut. Officia corporis velit occaecati dolores. Quia mollitia dolores animi maxime ad quasi.', 387.84, 4, 9.03, '2020-06-27 21:11:49', '2020-06-27 21:11:49'),
(5, 'veritatis', 'Qui doloribus ratione facilis nihil qui culpa. Soluta numquam sapiente maiores iusto rerum. Aperiam voluptatem qui est pariatur nisi.', 767.86, 0, 21.46, '2020-06-27 21:11:50', '2020-06-27 21:11:50'),
(6, 'dolore', 'Consequuntur praesentium vero dolore illo harum. Suscipit et id facere incidunt et. Voluptatem assumenda quisquam distinctio esse iusto earum. Provident tempore ducimus facilis quisquam ipsa est.', 433.64, 2, 17.56, '2020-06-27 21:11:50', '2020-06-27 21:11:50'),
(7, 'et', 'Non aut aut dignissimos voluptatem ipsa deserunt maiores repellendus. Ea id aliquid molestias aut ut aut et.', 702.36, 4, 24.33, '2020-06-27 21:11:50', '2020-06-27 21:11:50'),
(8, 'saepe', 'Et ut in quo voluptas dolores similique. Itaque dolorem consequatur earum. Sit non illum blanditiis illo quia possimus asperiores expedita. Qui et ipsam esse voluptas.', 571.96, 2, 28.40, '2020-06-27 21:11:50', '2020-06-27 21:11:50'),
(9, 'quia', 'Asperiores quam ab qui in iste voluptatem nobis. Quidem corporis temporibus reiciendis architecto. Sed dignissimos quod voluptates autem. Omnis tempora occaecati ab ut sit.', 402.56, 7, 13.38, '2020-06-27 21:11:50', '2020-06-27 21:11:50'),
(10, 'sint', 'Ipsa doloremque excepturi autem dignissimos sint ut aperiam. Voluptatem unde voluptatem voluptatem suscipit voluptate voluptate voluptatem.', 174.56, 5, 3.92, '2020-06-27 21:11:50', '2020-06-27 21:11:50'),
(11, 'nemo', 'Animi quam libero et facilis magni in iure. Assumenda aut ab in est quaerat voluptatem sequi. Nemo quasi architecto ipsa vero aperiam numquam nam.', 224.33, 3, 18.74, '2020-06-27 21:11:50', '2020-06-27 21:11:50'),
(12, 'enim', 'Dicta expedita eos et. Odio iste id nesciunt. Saepe excepturi est omnis fugit. Nobis quisquam modi reiciendis quia nihil veniam est.', 176.71, 1, 28.35, '2020-06-27 21:11:50', '2020-06-27 21:11:50'),
(13, 'velit', 'Voluptas aliquam sunt sequi voluptas. Ullam voluptas beatae ut illo et nisi. Dolores eius nulla dolorem debitis est ipsa. Iusto et rem impedit totam sapiente quis quia sit.', 447.25, 0, 11.68, '2020-06-27 21:11:50', '2020-06-27 21:11:50'),
(14, 'repudiandae', 'Sunt ut id qui cum fugit dolores qui. Et porro recusandae beatae rem.', 512.18, 0, 10.46, '2020-06-27 21:11:50', '2020-06-27 21:11:50'),
(15, 'et', 'Laborum id praesentium distinctio sunt placeat. Et voluptatem perspiciatis molestias est ut dolor. Quo natus quia accusamus impedit a numquam non.', 690.64, 5, 24.42, '2020-06-27 21:11:50', '2020-06-27 21:11:50'),
(16, 'soluta', 'Qui consectetur eaque libero aut nesciunt dolorem pariatur. Ut consectetur impedit molestias id est esse. Assumenda deserunt sunt mollitia dicta quo quidem.', 491.73, 3, 24.43, '2020-06-27 21:11:50', '2020-06-27 21:11:50'),
(17, 'harum', 'Et rem quaerat earum eum impedit. Officia ut nostrum minus natus voluptatem assumenda qui. Voluptas facilis id nesciunt a similique omnis placeat. Veritatis animi voluptas unde nihil. Laboriosam eum reiciendis qui et dignissimos quae aut.', 619.26, 8, 29.63, '2020-06-27 21:11:50', '2020-06-27 21:11:50'),
(18, 'sunt', 'Ea nulla et quia quod sint facilis eveniet. Recusandae et error sequi tempora. Voluptatem voluptas esse iure a ea. Itaque dolorem amet ex sed non repellat vero.', 733.74, 9, 8.59, '2020-06-27 21:11:50', '2020-06-27 21:11:50'),
(19, 'odio', 'In maiores quidem nemo incidunt. Aliquam voluptas nulla commodi sint. Eius et facilis ut fugit ea.', 250.51, 8, 24.16, '2020-06-27 21:11:50', '2020-06-27 21:11:50'),
(20, 'expedita', 'Porro molestiae dignissimos nihil officia. Et rerum autem labore asperiores nihil aperiam reprehenderit. Quibusdam dignissimos rem culpa et consectetur itaque fugiat.', 864.65, 2, 29.40, '2020-06-27 21:11:50', '2020-06-27 21:11:50'),
(21, 'eveniet', 'Iste nihil omnis vero dicta voluptas. Quia est dignissimos et hic quam aut. Suscipit eaque doloribus asperiores cumque aliquam porro sint sunt. Corrupti voluptatum reprehenderit ea porro.', 809.98, 1, 27.50, '2020-06-27 21:11:50', '2020-06-27 21:11:50'),
(22, 'placeat', 'A voluptatem in sapiente qui. Fugiat suscipit unde libero nostrum voluptatum. Et possimus aliquid ut saepe. Sint a nulla magnam asperiores.', 492.72, 3, 4.72, '2020-06-27 21:11:50', '2020-06-27 21:11:50'),
(23, 'necessitatibus', 'Perferendis qui asperiores temporibus. Quis ipsum iste id quia aliquam maiores asperiores. Nisi unde iste voluptatum non.', 316.74, 2, 11.08, '2020-06-27 21:11:50', '2020-06-27 21:11:50'),
(24, 'sapiente', 'Et molestias consectetur excepturi magnam consectetur. Libero debitis provident officiis exercitationem. Similique debitis repellat qui quidem esse ipsam adipisci.', 253.40, 3, 19.92, '2020-06-27 21:11:50', '2020-06-27 21:11:50'),
(25, 'natus', 'Temporibus maiores perferendis nostrum odit aut sit. Sunt earum architecto molestiae similique. Numquam quis maxime consectetur mollitia et eveniet voluptatem.', 568.56, 1, 16.17, '2020-06-27 21:11:51', '2020-06-27 21:11:51'),
(26, 'ut', 'Provident voluptatem maiores iste aut quis cumque. Eveniet voluptatem illo animi facere placeat aut minus cumque. Eaque voluptatem quis numquam ipsum.', 107.04, 3, 10.99, '2020-06-27 21:11:51', '2020-06-27 21:11:51'),
(27, 'tempora', 'Expedita maxime laudantium ut eveniet. Et qui possimus aut consequatur quo odit.', 897.35, 8, 10.40, '2020-06-27 21:11:51', '2020-06-27 21:11:51'),
(28, 'quae', 'Rerum autem nemo veniam molestiae. Sed dicta voluptates et tempora minima. Sit omnis ut omnis ut. Doloremque voluptatibus eligendi eius enim delectus.', 426.95, 1, 25.06, '2020-06-27 21:11:51', '2020-06-27 21:11:51'),
(29, 'porro', 'Laborum totam earum et quo in dolore harum. Eos ratione et eos laboriosam provident neque voluptas. Quia aperiam corrupti voluptates provident animi qui.', 388.55, 1, 9.24, '2020-06-27 21:11:51', '2020-06-27 21:11:51'),
(30, 'voluptatem', 'Sit et error animi qui molestias. Eum perferendis sint et quia velit excepturi. Corporis officia doloribus qui necessitatibus autem.', 216.15, 5, 9.89, '2020-06-27 21:11:51', '2020-06-27 21:11:51'),
(31, 'est', 'Omnis labore eaque in sit. Ratione earum aperiam nostrum ratione voluptate. Ea est sint et et aut ex. Dolores voluptas necessitatibus necessitatibus sed aut odio.', 154.75, 6, 16.78, '2020-06-27 21:11:51', '2020-06-27 21:11:51'),
(32, 'consequatur', 'Quidem consequatur provident maxime autem fuga rem et. Ex reprehenderit nihil architecto voluptas quos aliquam. Odit ratione eaque incidunt et rerum perferendis sit.', 387.51, 8, 28.81, '2020-06-27 21:11:51', '2020-06-27 21:11:51'),
(33, 'voluptas', 'Dolores dicta ut molestias placeat eveniet nemo. Incidunt totam at cumque deleniti. Explicabo debitis maiores vitae quia. Atque voluptas qui quia et repellat ut soluta. A autem perspiciatis libero laborum.', 720.36, 2, 11.05, '2020-06-27 21:11:51', '2020-06-27 21:11:51'),
(34, 'ut', 'Dolores dolor consequatur voluptatem qui. Aut ducimus minima ea temporibus facere sunt. Tenetur vel commodi et facilis non doloremque et esse. Magni et ea sed qui ipsa assumenda deserunt.', 204.17, 0, 3.26, '2020-06-27 21:11:51', '2020-06-27 21:11:51'),
(35, 'tenetur', 'Tempore et repellat quia non animi exercitationem. Modi molestiae velit quod et fugiat. Vel ut exercitationem molestiae eaque eum molestiae.', 445.72, 7, 28.76, '2020-06-27 21:11:51', '2020-06-27 21:11:51'),
(36, 'ut', 'Aut aut soluta expedita adipisci. Labore id itaque est expedita. Sed eligendi fugit labore. Et officia fugiat ut sed minima aut perspiciatis.', 933.02, 2, 27.71, '2020-06-27 21:11:51', '2020-06-27 21:11:51'),
(37, 'sunt', 'Autem consectetur voluptas expedita voluptatem laudantium at esse hic. Maiores dignissimos et quis. Cum accusamus voluptas numquam mollitia cupiditate minima. Tempora exercitationem inventore minus ipsam officia.', 518.34, 4, 4.94, '2020-06-27 21:11:51', '2020-06-27 21:11:51'),
(38, 'ut', 'Illo non modi molestiae nisi facere aut. Laboriosam quaerat corrupti veniam voluptate autem. Soluta praesentium quo officiis quas voluptas odit aspernatur.', 112.82, 3, 19.07, '2020-06-27 21:11:51', '2020-06-27 21:11:51'),
(39, 'labore', 'Quia ipsum fugit mollitia fugit quae sunt expedita. Aut consequatur et quia vel harum dolorem enim fugit. Earum nihil est nobis sapiente pariatur hic. Tenetur libero architecto expedita voluptatem quia quibusdam.', 660.12, 8, 8.54, '2020-06-27 21:11:51', '2020-06-27 21:11:51'),
(40, 'est', 'Qui quam provident fugit impedit corporis. Accusamus totam voluptates sed similique. Ad omnis recusandae qui impedit aspernatur est.', 545.91, 6, 23.31, '2020-06-27 21:11:51', '2020-06-27 21:11:51'),
(41, 'dolore', 'Suscipit et accusantium culpa. Temporibus qui et quis. Nulla laboriosam distinctio aut omnis laudantium dolore et et.', 683.83, 8, 16.23, '2020-06-27 21:11:51', '2020-06-27 21:11:51'),
(42, 'quasi', 'Enim minus possimus est quasi. Consequatur iste facilis omnis non laboriosam vel. Ducimus nisi enim nesciunt. Quia consectetur autem perspiciatis quibusdam consequuntur aut. Quisquam suscipit porro maxime officia voluptas.', 941.21, 1, 10.81, '2020-06-27 21:11:51', '2020-06-27 21:11:51'),
(43, 'enim', 'Aliquam ea necessitatibus impedit veritatis optio adipisci veritatis. In repellat eaque eum. Similique neque provident aperiam tenetur sint quae. Et in aliquid rem dolorem praesentium. Sit dolorem quia velit velit eaque reprehenderit.', 616.65, 1, 22.09, '2020-06-27 21:11:51', '2020-06-27 21:11:51'),
(44, 'delectus', 'Magni deleniti natus officia dignissimos. Amet est nisi aut quasi ducimus qui aspernatur. Eum debitis amet facere laudantium nisi incidunt occaecati.', 916.49, 5, 7.12, '2020-06-27 21:11:51', '2020-06-27 21:11:51'),
(45, 'vero', 'Qui pariatur dolores natus quaerat. Consectetur omnis optio temporibus dolor placeat et quia. Ut aut expedita nam consequatur quod doloremque. Est tempore molestiae ratione et iusto.', 772.09, 7, 6.18, '2020-06-27 21:11:51', '2020-06-27 21:11:51'),
(46, 'reiciendis', 'Perferendis fugit provident vero. Voluptate cum et cum id. Nobis aut maiores debitis cum eius aspernatur. Expedita eum culpa est consequatur.', 886.22, 6, 19.52, '2020-06-27 21:11:51', '2020-06-27 21:11:51'),
(47, 'facilis', 'Similique reiciendis commodi aut iure officia. Reprehenderit numquam voluptatem ullam aut.', 648.76, 1, 3.83, '2020-06-27 21:11:51', '2020-06-27 21:11:51'),
(48, 'dolor', 'Corrupti minima earum distinctio et dolore nihil repudiandae. Ipsam dolor labore accusamus id quae qui quis est. Sapiente vel omnis architecto voluptatem sint nisi.', 295.02, 2, 27.99, '2020-06-27 21:11:52', '2020-06-27 21:11:52'),
(49, 'adipisci', 'Repudiandae quibusdam consequatur est voluptatem deserunt officiis praesentium ut. Amet adipisci explicabo perferendis reprehenderit tenetur ab. Ea laboriosam molestias ut occaecati. Repellat aut voluptas dolor hic suscipit molestiae cumque.', 155.98, 0, 12.32, '2020-06-27 21:11:52', '2020-06-27 21:11:52'),
(50, 'quis', 'Nihil voluptas facere recusandae quo. Vel quidem vel nemo aut culpa impedit. Reprehenderit voluptates qui est est nesciunt.', 921.34, 9, 20.25, '2020-06-27 21:11:52', '2020-06-27 21:11:52');

-- --------------------------------------------------------

--
-- Table structure for table `reviews`
--

CREATE TABLE `reviews` (
  `id` bigint(20) UNSIGNED NOT NULL,
  `product_id` bigint(20) UNSIGNED NOT NULL,
  `customer` varchar(255) COLLATE utf8mb4_unicode_ci NOT NULL,
  `review` text COLLATE utf8mb4_unicode_ci NOT NULL,
  `rating` int(11) NOT NULL,
  `created_at` timestamp NULL DEFAULT NULL,
  `updated_at` timestamp NULL DEFAULT NULL
) ENGINE=InnoDB DEFAULT CHARSET=utf8mb4 COLLATE=utf8mb4_unicode_ci;

--
-- Dumping data for table `reviews`
--

INSERT INTO `reviews` (`id`, `product_id`, `customer`, `review`, `rating`, `created_at`, `updated_at`) VALUES
(1, 6, 'Prof. Antonette Dibbert MD', 'Rem rerum iusto in repellat debitis alias dicta. Qui suscipit iusto pariatur laborum. Optio ipsum modi beatae nulla magni quia.', 2, '2020-06-27 21:11:52', '2020-06-27 21:11:52'),
(2, 45, 'Ms. Holly Bernhard Sr.', 'Minus aliquid delectus omnis quod harum nulla officia quo. Exercitationem consequuntur eos nihil et ut ut eveniet. Est aliquid ducimus maiores nam autem.', 5, '2020-06-27 21:11:52', '2020-06-27 21:11:52'),
(3, 3, 'Gudrun Steuber', 'Quia aut aliquid nihil impedit. Rem enim voluptatum occaecati asperiores inventore. Non nesciunt facere qui earum quasi tempora.', 1, '2020-06-27 21:11:52', '2020-06-27 21:11:52'),
(4, 5, 'Cedrick Cronin DVM', 'In at ullam iure sed. Excepturi quas iusto corrupti qui. Consequatur omnis maiores quis fugiat. Nisi dolor asperiores laudantium harum earum temporibus expedita.', 4, '2020-06-27 21:11:52', '2020-06-27 21:11:52'),
(5, 15, 'Donny Erdman', 'Veniam error consequuntur dolore eius rerum tempore repellat. Aut optio alias labore exercitationem culpa aut.', 4, '2020-06-27 21:11:53', '2020-06-27 21:11:53'),
(6, 40, 'Clemmie Wolff', 'Qui voluptates dolor corporis nihil reprehenderit vitae sequi. In quis est esse expedita. Enim facere autem unde earum et voluptatem aut.', 1, '2020-06-27 21:11:53', '2020-06-27 21:11:53'),
(7, 9, 'Dr. Jackson Haag Sr.', 'Hic quam blanditiis omnis. Rerum eveniet delectus rerum rerum provident quisquam minima. Voluptatem id illo est repudiandae iste quos est. Voluptas quia quisquam totam doloribus enim.', 1, '2020-06-27 21:11:53', '2020-06-27 21:11:53'),
(8, 10, 'Jairo Lehner DVM', 'Assumenda consequuntur nam et temporibus excepturi consectetur perferendis dignissimos. Odit molestias illo fugiat aut rerum. Aliquam perferendis eos non laborum. Esse exercitationem est ad eos a delectus consequatur.', 4, '2020-06-27 21:11:53', '2020-06-27 21:11:53'),
(9, 2, 'Olin Romaguera', 'Sed quasi itaque et dolorem. Eos culpa eaque similique. Veniam repellat libero repudiandae ad ipsam aperiam. Iusto quasi ut aut architecto eveniet.', 3, '2020-06-27 21:11:53', '2020-06-27 21:11:53'),
(10, 25, 'Creola Cruickshank V', 'Soluta consequuntur a quis nihil. Nesciunt omnis ad maxime est modi error quisquam. Ipsam est aut consequatur cum error.', 5, '2020-06-27 21:11:53', '2020-06-27 21:11:53'),
(11, 45, 'Janiya Mayert', 'Eum facilis reprehenderit natus quaerat ut quibusdam. Optio ullam amet aut sed perferendis. At soluta officia esse ipsa repudiandae est aut.', 5, '2020-06-27 21:11:53', '2020-06-27 21:11:53'),
(12, 30, 'Antwan Kunde', 'Facere atque nisi minus nihil. Enim ut ut voluptatem autem voluptas rerum. Blanditiis sapiente temporibus et et molestiae.', 5, '2020-06-27 21:11:53', '2020-06-27 21:11:53'),
(13, 23, 'Floy Mayert', 'Enim minus non deserunt quae ut aperiam. Non quisquam aperiam aspernatur sint veniam. Mollitia similique sunt autem incidunt beatae rerum. Sit dolorem corrupti repudiandae sunt optio in.', 2, '2020-06-27 21:11:53', '2020-06-27 21:11:53'),
(14, 49, 'Grant Greenfelder', 'Reiciendis ea odit rerum aut ut. Qui non ea vel illo adipisci repellendus. Dolorem vel distinctio qui beatae.', 4, '2020-06-27 21:11:53', '2020-06-27 21:11:53'),
(15, 41, 'Holly Hickle', 'Ut est voluptatem voluptas. Inventore dolore quibusdam sit accusamus. Quam illo aut natus quisquam quisquam aliquid. Eum ea commodi delectus earum itaque ut occaecati. Enim neque harum illo voluptatem eum adipisci minus.', 2, '2020-06-27 21:11:53', '2020-06-27 21:11:53'),
(16, 17, 'Mr. Consuelo Balistreri', 'Ut et rerum expedita sint ab provident. Sed quas voluptatem quibusdam vel et vitae quia.', 3, '2020-06-27 21:11:53', '2020-06-27 21:11:53'),
(17, 35, 'Margret Cassin', 'Eius ipsa totam magnam expedita. Rerum et similique quis et. Mollitia esse cumque iste velit.', 5, '2020-06-27 21:11:53', '2020-06-27 21:11:53'),
(18, 22, 'Allie Jenkins', 'Qui vitae voluptas deserunt dolore ut illum voluptas est. Nostrum voluptas nihil quia libero veritatis occaecati voluptas in. Repudiandae et voluptas id inventore. Nemo sed dolorum quod sed omnis.', 2, '2020-06-27 21:11:53', '2020-06-27 21:11:53'),
(19, 24, 'Talia Spencer', 'Rerum perspiciatis perferendis et qui dignissimos earum. In ut non magni voluptatem et fugiat repellendus. Ex corporis dolor rem eius aut.', 5, '2020-06-27 21:11:53', '2020-06-27 21:11:53'),
(20, 3, 'Mr. Domenick Donnelly III', 'Voluptas nulla ducimus ratione ut. Ut molestiae tempora dolorem sit facere. Consectetur beatae quidem quisquam consequatur enim. Recusandae consequatur et tenetur sequi.', 2, '2020-06-27 21:11:53', '2020-06-27 21:11:53'),
(21, 4, 'Calista White', 'Dignissimos sit qui assumenda delectus id facilis consequatur numquam. Architecto hic maiores porro similique voluptatum est velit.', 2, '2020-06-27 21:11:53', '2020-06-27 21:11:53'),
(22, 13, 'Moriah Connelly IV', 'Et a vel dicta eligendi aspernatur id. Omnis dolorem repudiandae esse sed voluptas. A accusantium sint optio qui unde pariatur. Tenetur nostrum quas quia dolore molestiae.', 4, '2020-06-27 21:11:53', '2020-06-27 21:11:53'),
(23, 23, 'Dr. Deshawn Ziemann DDS', 'Labore repellendus sed qui vitae iste amet perspiciatis. Asperiores nemo quia velit debitis accusantium. Maxime eos omnis assumenda molestiae odio. Fugiat molestiae dolores provident sapiente quibusdam et dolorem voluptates.', 1, '2020-06-27 21:11:53', '2020-06-27 21:11:53'),
(24, 47, 'Alene Mayer', 'Ducimus ut quae minus sed maiores. Qui ipsum quo est porro. Aut suscipit quia nesciunt corrupti sint dolore non.', 1, '2020-06-27 21:11:53', '2020-06-27 21:11:53'),
(25, 30, 'Dr. Rodger Johnston DVM', 'Labore laudantium dolor quaerat praesentium qui adipisci. Cum hic aliquam optio cum totam. Ut quibusdam incidunt et eum et minima.', 1, '2020-06-27 21:11:53', '2020-06-27 21:11:53'),
(26, 16, 'Alysa Rau Sr.', 'Porro alias laborum assumenda nihil qui dolor. Laboriosam et et sit ex sint sunt sit. Modi aut dolorem voluptas vel soluta earum illo. Fugiat alias rem at aperiam.', 5, '2020-06-27 21:11:54', '2020-06-27 21:11:54'),
(27, 11, 'Arden Runolfsson', 'Natus explicabo repellat itaque quia veritatis reiciendis quam. Provident similique pariatur reiciendis saepe. Non ut non tenetur sed et quam soluta. Eos quidem officia iste veniam ut.', 3, '2020-06-27 21:11:54', '2020-06-27 21:11:54'),
(28, 45, 'Mr. Gilberto Crooks DVM', 'Non id quaerat voluptatem expedita non numquam laborum explicabo. Repellendus rerum praesentium fugit eveniet quo et expedita. Quasi et omnis voluptas aut voluptatem doloremque quidem. Ex vel excepturi libero quibusdam quasi est. Nisi sunt voluptas similique sapiente deleniti deserunt.', 3, '2020-06-27 21:11:54', '2020-06-27 21:11:54'),
(29, 1, 'Anjali Ratke', 'Dolores laborum velit eius perspiciatis quasi ad pariatur qui. Dolor eveniet mollitia sed dolore. Numquam culpa laboriosam animi aliquid est id voluptatum. Doloremque qui fugit consequatur ea et beatae tenetur. Porro ullam quia perspiciatis.', 3, '2020-06-27 21:11:54', '2020-06-27 21:11:54'),
(30, 43, 'Wilfrid Friesen', 'Error dolorem numquam laudantium nemo et odio numquam. Autem quasi beatae error expedita dolorem voluptate adipisci. Consequatur voluptatem aut fugit aut voluptatem accusamus.', 3, '2020-06-27 21:11:54', '2020-06-27 21:11:54'),
(31, 18, 'Gail Nicolas', 'Vitae ipsum repellendus pariatur rerum placeat consequatur qui et. Rerum et iure temporibus quibusdam quasi. Aut laborum laudantium quia.', 1, '2020-06-27 21:11:54', '2020-06-27 21:11:54'),
(32, 1, 'Ms. Ima Harber V', 'Qui dolor ipsa laudantium. Culpa hic ex earum beatae vel. Quo inventore rerum nemo quia expedita magnam nostrum.', 3, '2020-06-27 21:11:54', '2020-06-27 21:11:54'),
(33, 33, 'Johnpaul Green', 'Corrupti ea id a alias voluptatem voluptatem. Ab quis ut qui dolorum quia sed. Eveniet quis omnis fugiat qui voluptas.', 1, '2020-06-27 21:11:54', '2020-06-27 21:11:54'),
(34, 44, 'Dr. Monserrate Schulist', 'Molestiae veniam ab accusamus reiciendis rerum eum dolore. Quis recusandae adipisci quia dolor. Molestias eum quis dolores non voluptates.', 0, '2020-06-27 21:11:54', '2020-06-27 21:11:54'),
(35, 45, 'Dalton D\'Amore', 'Eveniet et veritatis soluta omnis. Saepe perferendis quibusdam reprehenderit autem. Voluptatem consectetur sed excepturi id quasi sit pariatur est.', 1, '2020-06-27 21:11:54', '2020-06-27 21:11:54'),
(36, 21, 'Miss Elda Mueller', 'Laudantium et maxime sunt dicta vel minima. Rem porro tempore libero facere. Quis et saepe consectetur ullam.', 1, '2020-06-27 21:11:54', '2020-06-27 21:11:54'),
(37, 1, 'Rita Kutch IV', 'Accusamus est sunt autem dignissimos. Omnis repellat amet doloremque fuga est reiciendis. Voluptatem enim quaerat nulla possimus iure.', 2, '2020-06-27 21:11:54', '2020-06-27 21:11:54'),
(38, 12, 'Lavada Crooks V', 'Debitis ut occaecati quas cum error nemo. Odio voluptatem at aut saepe repellat sit deleniti. Non vel soluta dolores voluptatum incidunt.', 5, '2020-06-27 21:11:54', '2020-06-27 21:11:54'),
(39, 48, 'Claud Schmeler', 'Sapiente facere magnam totam provident dolorum quam. Dicta occaecati sequi nobis cumque. Voluptatem molestiae omnis architecto nobis voluptatem voluptatem tenetur quos.', 5, '2020-06-27 21:11:54', '2020-06-27 21:11:54'),
(40, 33, 'Rachael Kunze', 'Sit aliquid aut est fuga qui harum. Voluptas distinctio neque repellat ut quia quam eius. Sequi repellendus alias fugit omnis ut deserunt. Doloremque placeat magnam ab non in placeat qui provident.', 0, '2020-06-27 21:11:54', '2020-06-27 21:11:54'),
(41, 15, 'Miss Joanne Schamberger', 'Aut aut inventore tenetur velit. Qui enim ut corrupti et sit blanditiis rerum qui. Nihil dolor dolorem blanditiis.', 4, '2020-06-27 21:11:54', '2020-06-27 21:11:54'),
(42, 18, 'Jeromy Aufderhar', 'Praesentium vero vitae ex ipsum velit. At ut natus aut excepturi est sint tempora. Vitae corporis quaerat excepturi praesentium. Facilis sint voluptate qui quia et possimus hic.', 2, '2020-06-27 21:11:54', '2020-06-27 21:11:54'),
(43, 26, 'Deshaun Hills', 'Natus quia enim nobis soluta dolore aliquid. Dicta nihil eum cumque fugiat officiis alias. Aliquid rerum omnis molestias aspernatur voluptas.', 3, '2020-06-27 21:11:54', '2020-06-27 21:11:54'),
(44, 32, 'Mr. Alec Abshire PhD', 'Quidem sunt dolorem aliquam occaecati reprehenderit fuga dolorem. Libero molestiae eum atque. Laudantium assumenda et fuga.', 2, '2020-06-27 21:11:55', '2020-06-27 21:11:55'),
(45, 37, 'Zack Cassin', 'Exercitationem voluptatibus repellendus ea sit quos soluta et. Aperiam et inventore quos in. Similique quisquam aspernatur molestiae quia quidem et.', 4, '2020-06-27 21:11:55', '2020-06-27 21:11:55'),
(46, 27, 'Dr. Lyla Waelchi DDS', 'Id possimus minima aliquid quisquam corrupti sequi placeat. Ipsum pariatur officia ipsa. Labore nemo distinctio quisquam provident. Nihil voluptates quasi amet.', 4, '2020-06-27 21:11:55', '2020-06-27 21:11:55'),
(47, 21, 'Roma Johns', 'Animi possimus necessitatibus eligendi est natus et. Provident placeat enim eum adipisci enim. Nisi nulla porro dolores quibusdam ullam maxime. Incidunt adipisci aut non culpa praesentium.', 5, '2020-06-27 21:11:55', '2020-06-27 21:11:55'),
(48, 5, 'Jada Moore', 'Atque dolorem molestias et dignissimos ratione hic. Dolor exercitationem sed voluptatem quia eligendi officiis. Deserunt ducimus magni aliquam ab. Architecto est rem velit veritatis.', 4, '2020-06-27 21:11:55', '2020-06-27 21:11:55'),
(49, 42, 'Isai Gleichner MD', 'Natus fuga quos sapiente voluptas corporis molestiae. Ipsam unde esse itaque enim nostrum nobis assumenda. Veniam inventore saepe cupiditate dolores. Eligendi ab distinctio iste nulla esse.', 4, '2020-06-27 21:11:55', '2020-06-27 21:11:55'),
(50, 26, 'Mrs. Jazmin Heathcote II', 'Ut est dolores impedit labore repellendus. At repellat in possimus suscipit odit dolores excepturi. Suscipit eos et debitis nesciunt vero cum accusamus nostrum. Mollitia voluptas molestias quis consequuntur eveniet aut doloremque. Non cupiditate rerum ipsum.', 4, '2020-06-27 21:11:55', '2020-06-27 21:11:55'),
(51, 47, 'Kelly McClure', 'Ipsum rerum dolorem repudiandae aliquid quis et esse vel. Dolor velit dolore architecto beatae.', 3, '2020-06-27 21:11:55', '2020-06-27 21:11:55'),
(52, 21, 'Micah McLaughlin', 'Dolores deleniti quia ut assumenda dolores est. Sint suscipit quidem repellendus minus. Quia iure tenetur sed nam aliquam. Qui omnis cumque eum qui.', 4, '2020-06-27 21:11:55', '2020-06-27 21:11:55'),
(53, 2, 'Miss Angela Pollich Jr.', 'Iste et debitis et pariatur ut. Quia omnis autem in quis. Aperiam quia veniam pariatur quia voluptas.', 3, '2020-06-27 21:11:55', '2020-06-27 21:11:55'),
(54, 33, 'Marcelo Wehner', 'Quia tenetur maxime id dolorum. Laudantium cumque corrupti qui. Quibusdam iusto laudantium omnis dolores. Laudantium ad sed vel aut. Rerum rerum cumque earum hic ut dolorum sed rerum.', 2, '2020-06-27 21:11:55', '2020-06-27 21:11:55'),
(55, 24, 'Prof. Julianne Nitzsche PhD', 'Sed nihil nemo facere in odit explicabo omnis. Quas sint qui cumque quod.', 5, '2020-06-27 21:11:55', '2020-06-27 21:11:55'),
(56, 50, 'Julien Quitzon', 'Voluptatum temporibus velit delectus cupiditate aut est et. Qui corporis est adipisci sed quis dolor. Expedita qui officiis quas molestias sunt architecto laborum fugiat.', 0, '2020-06-27 21:11:55', '2020-06-27 21:11:55'),
(57, 47, 'Mr. Furman Moore MD', 'Harum dolorum reiciendis ut nulla quam. Qui explicabo dolorum placeat dolores. Quaerat et atque natus et sed.', 3, '2020-06-27 21:11:55', '2020-06-27 21:11:55'),
(58, 33, 'Brooks Homenick V', 'Consequatur distinctio minima est odit dolorem in est. Illum nihil vitae voluptatem occaecati autem possimus amet. Libero omnis rerum eius est. Velit exercitationem saepe corrupti ut eos.', 0, '2020-06-27 21:11:55', '2020-06-27 21:11:55'),
(59, 18, 'Ms. Destiny Bergstrom I', 'Excepturi ut magni at nobis doloremque. Cumque quas non incidunt dolores repudiandae nostrum et. Incidunt eos qui non.', 2, '2020-06-27 21:11:55', '2020-06-27 21:11:55'),
(60, 17, 'Ray Hodkiewicz', 'Excepturi enim voluptas enim suscipit perferendis. Quas ut eveniet quas libero. Rerum autem quam deleniti in quidem id earum.', 0, '2020-06-27 21:11:55', '2020-06-27 21:11:55'),
(61, 27, 'Freeman Mueller', 'Esse ea enim totam quia quia iusto in. Vitae ea quos autem enim consequatur tempora. Veniam saepe ullam assumenda debitis est aut veniam. Asperiores vel mollitia provident ex sunt nisi et.', 4, '2020-06-27 21:11:55', '2020-06-27 21:11:55'),
(62, 20, 'Willa Barrows', 'Quae quia quam aliquam similique laboriosam beatae nobis occaecati. Voluptates voluptas aut sit ratione minima a vitae. Sapiente eveniet minima debitis voluptatem dignissimos quis sequi. Optio ratione id rerum consequatur eius aut aut.', 3, '2020-06-27 21:11:56', '2020-06-27 21:11:56'),
(63, 15, 'Mrs. Libbie Marquardt', 'Consequatur officia officia consectetur vel consequuntur quas. Deserunt a sint dolores ut ducimus. Aut similique fugit doloribus consequatur voluptas dignissimos ut at. Nulla voluptates dolorem ut sit quasi ut.', 4, '2020-06-27 21:11:56', '2020-06-27 21:11:56'),
(64, 13, 'Dr. Anabel Lebsack V', 'Consectetur blanditiis non vel voluptatem in fuga. Omnis ea nihil ex voluptas quo quis perferendis. Occaecati quia occaecati voluptas dicta voluptatum.', 2, '2020-06-27 21:11:56', '2020-06-27 21:11:56'),
(65, 27, 'Maud Runolfsdottir', 'Omnis accusamus excepturi ut enim. Ea est doloremque et dolorum modi esse autem. Ipsa saepe nobis excepturi laudantium delectus. Ab consequatur consequatur et.', 1, '2020-06-27 21:11:56', '2020-06-27 21:11:56'),
(66, 9, 'Keshaun Schoen', 'Possimus in et nesciunt minus. Aut dolor nam accusamus sit optio quis id culpa. Cumque est debitis suscipit. Aut eius molestiae tempore provident officiis ad tempora.', 5, '2020-06-27 21:11:56', '2020-06-27 21:11:56'),
(67, 18, 'Rebekah Feil', 'Corrupti facilis architecto officia et culpa. Nesciunt hic vel quisquam ipsa velit. Odit odit quia culpa velit et commodi eos. Sunt itaque dolor sit vero sint iste. Omnis dolor eum accusantium placeat.', 3, '2020-06-27 21:11:56', '2020-06-27 21:11:56'),
(68, 27, 'Charles Blanda', 'Atque ea nesciunt aut dolor laudantium magni. Nesciunt nisi omnis quisquam minima incidunt necessitatibus. Aliquid dolorem possimus et praesentium.', 3, '2020-06-27 21:11:56', '2020-06-27 21:11:56'),
(69, 23, 'Albina Trantow', 'Quo maxime molestias omnis iusto et dignissimos. Porro similique aut cum placeat. Aut adipisci quis inventore. Natus quia laboriosam doloribus quas.', 3, '2020-06-27 21:11:56', '2020-06-27 21:11:56'),
(70, 35, 'Prof. Vito Pollich II', 'Odio et est ut mollitia sit. Ipsam ut soluta quia quo veritatis commodi. Laudantium sint quos mollitia totam.', 0, '2020-06-27 21:11:56', '2020-06-27 21:11:56'),
(71, 32, 'Arianna Greenfelder', 'Cupiditate laborum aut est voluptas soluta. Eligendi aut eum impedit adipisci et officiis. Dolore dicta reiciendis velit voluptatem aut.', 4, '2020-06-27 21:11:56', '2020-06-27 21:11:56'),
(72, 22, 'Beulah Bogisich', 'Porro aut et voluptatem sequi voluptatibus. Ipsum animi ipsam dolore accusantium beatae. Minima quia et exercitationem.', 5, '2020-06-27 21:11:56', '2020-06-27 21:11:56'),
(73, 3, 'Clovis Schuppe III', 'Vel quaerat odio eius ipsam voluptas reiciendis. Inventore illum voluptas sit. Atque velit dolores sequi possimus nam consequuntur eius.', 4, '2020-06-27 21:11:56', '2020-06-27 21:11:56'),
(74, 21, 'Kareem Berge', 'Repellat quasi itaque ipsa officia voluptatem illum nulla. Omnis ab dolores et. Quas consequatur at magni quidem accusantium.', 2, '2020-06-27 21:11:56', '2020-06-27 21:11:56'),
(75, 30, 'Miss Patience Kuphal', 'Eos quia magnam praesentium sint soluta id id. Veniam est unde et reiciendis. Quaerat consequuntur est impedit fugit fugiat voluptatibus. Et asperiores voluptatum modi quis.', 1, '2020-06-27 21:11:56', '2020-06-27 21:11:56'),
(76, 16, 'Alberto Parker', 'Iure sint reiciendis quisquam suscipit pariatur corrupti rem dolor. Dolorem voluptas molestiae et.', 5, '2020-06-27 21:11:57', '2020-06-27 21:11:57'),
(77, 36, 'Carmine Heathcote', 'Quibusdam ratione quis impedit consequatur. Aut ea at eos quibusdam. Et et quos quis veniam ipsam. Sit molestias ut sed est eaque ratione labore et. Cumque ut sed dolorem laborum perspiciatis nesciunt omnis.', 5, '2020-06-27 21:11:57', '2020-06-27 21:11:57'),
(78, 18, 'Easton Becker', 'Et aut non fuga nulla sed libero qui eos. Quis deleniti omnis consequuntur. Aut tempore commodi nulla quasi. Fugit aut omnis minima in ut ducimus et.', 0, '2020-06-27 21:11:57', '2020-06-27 21:11:57'),
(79, 42, 'Prof. Trycia Welch', 'Sequi ex odit ea voluptas illum. Consequatur vero esse est odio sequi voluptatem aut minima. Recusandae et consequatur magni qui.', 1, '2020-06-27 21:11:57', '2020-06-27 21:11:57'),
(80, 44, 'Dr. Dayne Thompson', 'Et ut ad voluptas aut. Iste aut excepturi eius esse. Maxime rerum pariatur nostrum quis blanditiis sapiente. Placeat labore quaerat neque quo quam labore inventore quia.', 1, '2020-06-27 21:11:57', '2020-06-27 21:11:57'),
(81, 25, 'Felipe Mosciski', 'Quas atque beatae tempora aut. Sed ut incidunt quia. Fugit molestiae aperiam in non.', 2, '2020-06-27 21:11:57', '2020-06-27 21:11:57'),
(82, 27, 'Brice Block', 'Alias pariatur quibusdam assumenda et iure pariatur molestiae. Et est qui sequi aut. Et voluptates id totam eaque porro aut consequatur. Quae consequuntur eaque facilis cumque. Animi nisi vel rem.', 2, '2020-06-27 21:11:57', '2020-06-27 21:11:57'),
(83, 32, 'Rylee Stanton I', 'Quae dolor expedita amet magnam eveniet. Minima natus aut repellat reiciendis voluptas similique. Provident aperiam dicta vel sed vitae dignissimos.', 3, '2020-06-27 21:11:57', '2020-06-27 21:11:57'),
(84, 44, 'Sigurd Reichert', 'Dolorum non assumenda voluptates cum non et cum est. Cumque debitis commodi at corrupti est aut. At tempora alias vero. Tempore quod placeat quidem nulla maiores. Tempora repudiandae incidunt tempora.', 5, '2020-06-27 21:11:57', '2020-06-27 21:11:57'),
(85, 44, 'Mrs. Theresa Rohan MD', 'Dolores totam sequi id libero sunt repudiandae. Magni ut reiciendis voluptas est quibusdam.', 1, '2020-06-27 21:11:57', '2020-06-27 21:11:57'),
(86, 24, 'Delores Douglas', 'Laudantium id omnis laborum neque. Et excepturi eos quia minus fuga molestiae autem recusandae. Et mollitia tenetur est consequatur pariatur dolor neque.', 3, '2020-06-27 21:11:57', '2020-06-27 21:11:57'),
(87, 6, 'Laron Rosenbaum III', 'Cum aspernatur et quae enim voluptas accusamus. Ullam neque incidunt praesentium dolor repellat. Nam in ex enim numquam.', 3, '2020-06-27 21:11:57', '2020-06-27 21:11:57'),
(88, 41, 'Prof. Colby Watsica Jr.', 'Laborum fugit necessitatibus doloremque laborum eos exercitationem occaecati molestiae. Excepturi aperiam recusandae et ullam. Iure nam eius assumenda hic pariatur dicta et. A et eius fuga tempore architecto eos eligendi.', 5, '2020-06-27 21:11:57', '2020-06-27 21:11:57'),
(89, 17, 'Prof. Henri Mayert', 'Nobis cum qui quos ut libero dolores adipisci. Fugit iste repellat maxime deserunt quasi. Nisi et numquam officia debitis. Sed voluptatem voluptatem doloribus et magnam sequi corporis.', 2, '2020-06-27 21:11:57', '2020-06-27 21:11:57'),
(90, 49, 'Kaley Schowalter', 'Ullam sed aliquid perspiciatis quae. Nesciunt saepe et delectus maiores. Fugit quibusdam velit inventore incidunt voluptatem tempora soluta. Eos non voluptatem quidem dicta similique maiores dolor.', 1, '2020-06-27 21:11:57', '2020-06-27 21:11:57'),
(91, 2, 'Eryn Fay', 'Voluptatibus dolorum delectus totam at repellendus deleniti suscipit. A consequatur eos quibusdam explicabo. Cum quae sit corporis provident animi. Ut praesentium alias molestiae odio.', 3, '2020-06-27 21:11:58', '2020-06-27 21:11:58'),
(92, 39, 'Amy Murazik', 'Officiis cumque voluptatibus accusamus deleniti non. Velit molestiae non voluptatem perferendis veritatis iusto. Vel facere quibusdam ut eaque.', 4, '2020-06-27 21:11:58', '2020-06-27 21:11:58'),
(93, 3, 'Jacey Kohler', 'Eos quibusdam recusandae doloremque fugit incidunt quis fuga. Et exercitationem quia occaecati velit. Aliquid numquam velit ut dolores.', 1, '2020-06-27 21:11:58', '2020-06-27 21:11:58'),
(94, 32, 'Noah Willms IV', 'Repellat nisi quia voluptas odio praesentium. Qui tempore accusantium nisi quas. Autem facere quia enim eos id sed error et.', 5, '2020-06-27 21:11:58', '2020-06-27 21:11:58'),
(95, 13, 'Eulah Volkman', 'Laboriosam vel omnis hic quibusdam libero unde. Aliquid consequatur quas aut quod autem. Possimus rerum aspernatur quis accusantium iste. Ipsam voluptatem totam deleniti quia enim aliquid.', 3, '2020-06-27 21:11:58', '2020-06-27 21:11:58'),
(96, 28, 'Brandy Murphy', 'Assumenda et officiis blanditiis hic. Optio laborum sed a autem consequatur. Voluptatum possimus doloribus sunt illo sunt autem id. Iste nisi ut pariatur officia iure est.', 4, '2020-06-27 21:11:58', '2020-06-27 21:11:58'),
(97, 22, 'Jocelyn Bradtke', 'Vero harum animi dolorem possimus eum libero. Assumenda ut et voluptates quisquam eum fugit. Labore nihil cupiditate sequi alias eos dolorem.', 3, '2020-06-27 21:11:58', '2020-06-27 21:11:58'),
(98, 46, 'Prof. Durward Herman DVM', 'Est voluptate sint maxime sapiente velit praesentium dolorem. In voluptate dolore iure quia. Eos molestiae quibusdam accusamus. Ab optio voluptas unde et molestiae atque quidem.', 5, '2020-06-27 21:11:58', '2020-06-27 21:11:58'),
(99, 17, 'Kelton Dooley', 'Est dolorem et commodi. Aut occaecati magni labore. Qui et omnis et quis.', 3, '2020-06-27 21:11:58', '2020-06-27 21:11:58'),
(100, 39, 'Pamela Halvorson III', 'Ea et id sapiente quia nisi ipsum reprehenderit. Facilis sunt saepe sint. Consequatur minus omnis tenetur praesentium reiciendis. Odio nesciunt nam dolor qui doloremque fugit. At odio molestiae voluptas.', 0, '2020-06-27 21:11:58', '2020-06-27 21:11:58'),
(101, 6, 'Allen Glover MD', 'Molestiae consectetur recusandae et. Qui nobis voluptates eaque enim saepe consequuntur. Ipsam placeat qui et non.', 5, '2020-06-27 21:11:58', '2020-06-27 21:11:58'),
(102, 23, 'Shaniya Orn', 'Libero id eveniet qui fuga. Eaque assumenda numquam eum eaque. Enim enim voluptatem qui odio recusandae. Nulla necessitatibus voluptates est.', 1, '2020-06-27 21:11:58', '2020-06-27 21:11:58'),
(103, 48, 'Coty Conn', 'Est voluptatibus qui non praesentium sed nostrum temporibus repellat. Voluptatum veritatis nihil quos deleniti temporibus. Saepe blanditiis modi minima assumenda. Quia vel ipsa natus molestias.', 5, '2020-06-27 21:11:58', '2020-06-27 21:11:58'),
(104, 44, 'Ms. Rosina Hackett', 'Quidem rerum sapiente et. Quia consequatur cumque atque inventore autem. Et nihil qui omnis rerum minima.', 1, '2020-06-27 21:11:58', '2020-06-27 21:11:58'),
(105, 6, 'Edgardo Von', 'Est id et sint optio officia molestiae. Assumenda nihil quam fugit omnis quia quam excepturi. Labore numquam qui dicta quas.', 5, '2020-06-27 21:11:58', '2020-06-27 21:11:58'),
(106, 13, 'Rick Senger', 'Quibusdam explicabo omnis laboriosam aperiam repudiandae ad iure voluptatem. Molestias dolorum enim quis pariatur similique. Reprehenderit quaerat reprehenderit et possimus ex. Saepe et consequatur minima vel aliquid ut accusamus. Sed dolores necessitatibus qui cum.', 1, '2020-06-27 21:11:59', '2020-06-27 21:11:59'),
(107, 50, 'Prof. Jaylon Fay II', 'Quidem rerum accusamus dolorum omnis. Laboriosam est illum suscipit nostrum. Quia necessitatibus ut et repellat suscipit odio. Qui id et molestias ipsam culpa neque beatae.', 1, '2020-06-27 21:11:59', '2020-06-27 21:11:59'),
(108, 15, 'Magali Fay', 'At explicabo ipsum explicabo totam. Illo sint et iure voluptatem voluptatem. Nemo nihil eum ut in et illum.', 5, '2020-06-27 21:11:59', '2020-06-27 21:11:59'),
(109, 30, 'Pete Lebsack IV', 'Tempora quo qui quam et atque aut. Quae cumque autem eos quo aut saepe. Consectetur accusamus et et provident enim sed.', 1, '2020-06-27 21:11:59', '2020-06-27 21:11:59'),
(110, 39, 'Flo Cartwright', 'Asperiores et molestiae cupiditate ut. Quas impedit nihil rerum sed quisquam. Eum non et odit quae cumque unde doloribus.', 4, '2020-06-27 21:11:59', '2020-06-27 21:11:59'),
(111, 18, 'Coralie Nitzsche', 'Temporibus ut magni minus hic vel quos. Error voluptatem sapiente necessitatibus accusantium et nisi. Et incidunt quasi nihil sed.', 1, '2020-06-27 21:11:59', '2020-06-27 21:11:59'),
(112, 20, 'Mrs. Elinore Zemlak PhD', 'Occaecati maiores voluptatem similique dolores omnis. Asperiores quaerat neque dolores blanditiis eaque quod. Deserunt iusto aliquam et nulla esse. Dolorem inventore dignissimos pariatur exercitationem sed fugiat. Sit autem aliquid error.', 2, '2020-06-27 21:11:59', '2020-06-27 21:11:59'),
(113, 6, 'Ebba Price III', 'Dolorum natus enim rerum. Quos illum doloremque qui quae modi beatae. Qui asperiores aut et porro. Dolor sed adipisci dolore repellat saepe sit nulla.', 1, '2020-06-27 21:11:59', '2020-06-27 21:11:59'),
(114, 45, 'Madge Wilderman III', 'Ullam et et ipsam occaecati dignissimos. Placeat distinctio quisquam quidem quis commodi aut. Voluptatem odio voluptatem veritatis et animi.', 5, '2020-06-27 21:11:59', '2020-06-27 21:11:59'),
(115, 36, 'Akeem Kohler', 'Id sequi libero aperiam totam beatae rerum. Repellendus doloremque est eveniet doloribus deleniti maiores. Est qui distinctio sint ut enim quis vel. Quidem quae ex est repellat non architecto.', 3, '2020-06-27 21:11:59', '2020-06-27 21:11:59'),
(116, 28, 'Anastasia Brakus', 'Voluptatibus eos dolorem ullam cumque consequuntur ipsa. Consequatur sed unde omnis reiciendis. Quis delectus quia ducimus qui placeat assumenda.', 0, '2020-06-27 21:11:59', '2020-06-27 21:11:59'),
(117, 6, 'Elmore Quitzon', 'Adipisci modi accusantium quod ex. Et commodi commodi est est. Porro praesentium enim nisi autem aut repudiandae accusamus. Ex qui deserunt aliquid odio magni maiores.', 4, '2020-06-27 21:11:59', '2020-06-27 21:11:59'),
(118, 30, 'Fae Koch', 'Ex voluptas et ea molestias. Vel reiciendis ratione omnis asperiores ut et sunt. Officia vitae vero ipsa delectus vel perferendis iste. Qui doloremque in explicabo eos.', 2, '2020-06-27 21:11:59', '2020-06-27 21:11:59'),
(119, 19, 'Raphael Kertzmann', 'Adipisci veritatis ab ab vero totam aut et. Voluptatem facilis quas error voluptatem illo. Quisquam laudantium voluptate commodi dolorum voluptas. Aliquid facere sed natus quis sed quia labore ab.', 4, '2020-06-27 21:11:59', '2020-06-27 21:11:59'),
(120, 5, 'Randal Douglas', 'Nobis quia delectus totam autem explicabo. Iusto veniam non voluptatem sed modi. Enim saepe consequuntur sint eveniet aut vitae veritatis quia.', 5, '2020-06-27 21:11:59', '2020-06-27 21:11:59'),
(121, 9, 'Francesca Turcotte', 'Et veritatis qui repellendus praesentium recusandae tempore eum. Ipsam ipsam sed iste architecto omnis et cumque. Possimus vitae temporibus similique et voluptate blanditiis.', 2, '2020-06-27 21:11:59', '2020-06-27 21:11:59'),
(122, 35, 'Marge Cremin', 'Quisquam ea voluptatem voluptas excepturi sunt magnam. Incidunt autem iure sequi molestiae asperiores veritatis. Iure adipisci voluptatum molestiae ratione eos quo aliquam voluptatum. Voluptatem ut delectus aperiam itaque.', 0, '2020-06-27 21:11:59', '2020-06-27 21:11:59'),
(123, 50, 'Anya Orn', 'Enim commodi fugiat inventore eum minus. Recusandae et quasi eos. Ullam rerum excepturi accusamus ut quia.', 0, '2020-06-27 21:11:59', '2020-06-27 21:11:59'),
(124, 49, 'Ms. Charlene Larkin MD', 'Corporis velit sit quas ut omnis corporis. Facere totam omnis alias quia quis reiciendis est. Aut laborum eum culpa eos. Nihil vitae quae rerum rem perferendis sint.', 2, '2020-06-27 21:11:59', '2020-06-27 21:11:59'),
(125, 8, 'Mr. Julien Schuppe DDS', 'Tenetur iure quo ut provident ex ut. Quam perferendis temporibus tenetur.', 2, '2020-06-27 21:12:00', '2020-06-27 21:12:00'),
(126, 1, 'Mr. Bobby Bruen I', 'Nobis quam eum repellat ut quas molestias soluta. Autem voluptate sed dignissimos sed velit tempora. Ipsa et doloremque repellendus natus ipsa id aperiam.', 1, '2020-06-27 21:12:00', '2020-06-27 21:12:00'),
(127, 41, 'Kian Buckridge', 'Sunt ullam et nihil consequatur dolor tempora est. Dignissimos velit neque molestiae consectetur dolorem. Atque voluptas asperiores repellendus omnis id commodi dolores. Fugiat nisi aliquid est ut sunt tenetur id.', 2, '2020-06-27 21:12:00', '2020-06-27 21:12:00'),
(128, 30, 'Angel Haag', 'Corporis et quas modi nam velit ea. Facilis animi et placeat officia id. Quo vel ut nihil repellendus. Deserunt voluptatem eos accusamus nulla blanditiis dolorem.', 4, '2020-06-27 21:12:00', '2020-06-27 21:12:00'),
(129, 47, 'Cleveland Stark', 'Dicta architecto laboriosam delectus aspernatur et consequatur quaerat. Et ipsam alias fugit. Aut est sit amet velit aliquam.', 2, '2020-06-27 21:12:00', '2020-06-27 21:12:00'),
(130, 49, 'Alessandro Reilly', 'Non tempore itaque pariatur incidunt impedit. Temporibus facilis numquam et fugit hic eum dolorum reprehenderit. Maxime qui aliquid odit sit modi quia laboriosam.', 2, '2020-06-27 21:12:00', '2020-06-27 21:12:00'),
(131, 20, 'Misael Swaniawski', 'Ad voluptatem et nam mollitia. Voluptas voluptatem deleniti omnis quibusdam cupiditate. Ea occaecati dolores eum sed debitis voluptates. Veritatis tempore dicta ea laboriosam.', 5, '2020-06-27 21:12:00', '2020-06-27 21:12:00'),
(132, 41, 'Dr. Jovan Kuphal', 'Quia quam quo consequatur aperiam eligendi incidunt consectetur nisi. Autem modi aliquid ab eos similique itaque. Neque cum voluptates quia sit et et.', 3, '2020-06-27 21:12:00', '2020-06-27 21:12:00'),
(133, 48, 'Dr. Carlie Pagac', 'Fugiat eligendi aspernatur eveniet nihil sunt. Quidem et id est sit vel. Tenetur facilis dolorum dicta. Voluptas facilis ut voluptatem vitae exercitationem corrupti rerum.', 5, '2020-06-27 21:12:00', '2020-06-27 21:12:00'),
(134, 36, 'Clementina Mertz IV', 'Et est et nobis dolores iure eligendi sequi ex. Eligendi fugit expedita consequatur dicta debitis facilis. Voluptas aspernatur ducimus minus quam incidunt. Qui voluptatem labore velit molestias et repudiandae qui.', 5, '2020-06-27 21:12:00', '2020-06-27 21:12:00'),
(135, 6, 'Dock Monahan', 'Perspiciatis consequuntur labore ab et et dignissimos est. Inventore ullam ea illo dolore harum assumenda. Deserunt fugiat occaecati reiciendis ut dolores qui deleniti ratione.', 0, '2020-06-27 21:12:00', '2020-06-27 21:12:00'),
(136, 15, 'Mya Bartell', 'Beatae autem nemo omnis quasi ratione sequi dolore. Sint excepturi in aut ea fuga occaecati. Excepturi dolorem harum ipsa aut.', 0, '2020-06-27 21:12:00', '2020-06-27 21:12:00'),
(137, 5, 'Mrs. Nikki Legros', 'Fugiat fuga vitae natus laborum. Accusamus eum iusto nisi enim numquam voluptas. Eum laborum vero perspiciatis eos veniam consequatur. Earum magni eum veniam tempora. Illum sequi odio deserunt repudiandae.', 0, '2020-06-27 21:12:00', '2020-06-27 21:12:00'),
(138, 8, 'Elnora Wunsch', 'Quibusdam perferendis molestiae sed est quibusdam asperiores sed dolores. Eligendi eaque repellat vero illum est minus. Nesciunt rerum doloremque quas quos. Hic magni facilis quia optio quam officiis.', 1, '2020-06-27 21:12:00', '2020-06-27 21:12:00'),
(139, 32, 'Davin Flatley', 'Corrupti aut ut nisi. Et at explicabo nostrum sed cumque qui. Nobis atque reiciendis ea reiciendis odio nostrum sit quibusdam. Rerum et saepe repellat totam fuga.', 5, '2020-06-27 21:12:00', '2020-06-27 21:12:00'),
(140, 12, 'Curt Koelpin', 'Culpa facilis cumque quidem qui iure. Amet id rem officiis sed quia omnis. Voluptatem eligendi autem possimus eligendi vel assumenda.', 2, '2020-06-27 21:12:01', '2020-06-27 21:12:01'),
(141, 20, 'Misty Mueller', 'Perspiciatis sit harum placeat distinctio in. Sequi officiis voluptas nam laboriosam qui. Cumque qui delectus aliquam architecto itaque. Qui et voluptatem dolorum.', 2, '2020-06-27 21:12:01', '2020-06-27 21:12:01'),
(142, 34, 'Joelle Goodwin', 'Optio in doloribus esse. Quia facilis quia nesciunt possimus quasi vel est. Et ut iusto reiciendis natus consectetur assumenda. Omnis unde voluptas iusto odio voluptatem.', 5, '2020-06-27 21:12:01', '2020-06-27 21:12:01'),
(143, 20, 'Kristopher Langosh', 'Et dolor voluptatem non non rerum. Ratione eligendi explicabo eaque natus quo optio perspiciatis. Facere nisi libero voluptatibus impedit reiciendis neque.', 1, '2020-06-27 21:12:01', '2020-06-27 21:12:01'),
(144, 27, 'Nels Jerde', 'Recusandae ad omnis maiores iure. Accusamus quam quasi omnis.', 1, '2020-06-27 21:12:01', '2020-06-27 21:12:01'),
(145, 3, 'Angeline Walter I', 'Rerum ratione et rem et et rem. Et ab enim adipisci officiis maxime excepturi. Numquam in dolorem eaque.', 5, '2020-06-27 21:12:01', '2020-06-27 21:12:01'),
(146, 14, 'Lowell Mann', 'Commodi rerum pariatur omnis quis commodi. Soluta earum doloribus qui aspernatur sequi perspiciatis mollitia. Quo architecto enim ipsa impedit maiores sequi.', 1, '2020-06-27 21:12:01', '2020-06-27 21:12:01'),
(147, 33, 'Mireya Kovacek Sr.', 'In deserunt sunt rerum a nulla voluptas sint hic. Et in nihil consequatur nihil molestiae aliquam. Quae est eius velit alias. At expedita optio necessitatibus corrupti facere aspernatur sit. Aliquam ullam optio corrupti facere repellat est natus.', 3, '2020-06-27 21:12:01', '2020-06-27 21:12:01'),
(148, 30, 'Leone McLaughlin', 'Tempora doloribus quam voluptatem qui eos non. Voluptatem consectetur quia id cupiditate numquam possimus incidunt. Odio sed quis reiciendis odit in aut repudiandae animi. Beatae quibusdam aut ad.', 1, '2020-06-27 21:12:01', '2020-06-27 21:12:01'),
(149, 15, 'Joyce Maggio', 'Consectetur sed ut maxime aperiam eaque laboriosam quo. Ipsum in excepturi ea a eos ex. Deserunt aliquid id error quae incidunt. Et autem fuga consectetur est quia.', 3, '2020-06-27 21:12:01', '2020-06-27 21:12:01'),
(150, 39, 'Jena Runolfsson', 'Earum vitae praesentium quia quo. Quo pariatur ratione officiis eius. Aliquam nisi dignissimos consectetur laborum aut corporis et aut. Voluptatem ut nemo tenetur molestiae.', 5, '2020-06-27 21:12:01', '2020-06-27 21:12:01'),
(151, 37, 'Jacky Harris DVM', 'Maxime iusto doloremque consequatur voluptas asperiores aut. Omnis minus aspernatur aliquam quod adipisci. Ut aliquam commodi id odio eum voluptatem natus iste. Fuga id ab dolore a.', 5, '2020-06-27 21:12:01', '2020-06-27 21:12:01'),
(152, 11, 'Ms. Eleanora Shanahan', 'Rem quae iure sapiente qui. Quo consequuntur impedit dolorem dolorem. Praesentium modi minima rerum quam dolores. Ipsum libero nihil nostrum aut eius expedita quisquam.', 0, '2020-06-27 21:12:01', '2020-06-27 21:12:01'),
(153, 17, 'Samanta Rempel', 'Voluptatibus vero consequuntur recusandae. Est rem voluptatibus possimus amet cumque labore. Consequatur suscipit illum ut officiis aut omnis pariatur.', 3, '2020-06-27 21:12:01', '2020-06-27 21:12:01'),
(154, 37, 'Prof. Trent Keebler', 'Delectus enim debitis natus corporis. Voluptatum officiis consequatur dolorum blanditiis animi possimus vel. In quam nulla eos alias est ut maiores.', 1, '2020-06-27 21:12:01', '2020-06-27 21:12:01'),
(155, 20, 'Jarred Harris', 'Quod ab quo excepturi nesciunt. Iusto repudiandae rerum qui velit molestiae. Ut optio nam blanditiis fuga ducimus sapiente aut earum.', 2, '2020-06-27 21:12:01', '2020-06-27 21:12:01'),
(156, 23, 'Mr. Joe Bradtke DDS', 'Voluptatum minima natus labore rerum. Magnam non quibusdam quod veritatis facilis repellat et. Et eos tempora maiores accusantium nihil et similique et. Ipsum nihil est ratione qui dolorum quasi delectus voluptatem.', 5, '2020-06-27 21:12:01', '2020-06-27 21:12:01'),
(157, 29, 'Franco Thompson', 'Suscipit repellat id qui est et enim dignissimos. Maiores error sunt laborum omnis ut provident. Unde fugiat possimus quisquam velit voluptates ratione. Eos consequatur eos animi voluptatem voluptates et.', 1, '2020-06-27 21:12:01', '2020-06-27 21:12:01'),
(158, 49, 'Tony Beahan', 'Odit tempora enim at eligendi. Sed ratione sequi temporibus sint est culpa facere. Ullam unde quidem reprehenderit error. Laudantium eveniet voluptatem est dolor sint ipsa omnis. Ullam rem minima consequatur reprehenderit.', 4, '2020-06-27 21:12:01', '2020-06-27 21:12:01'),
(159, 15, 'Jackie Stanton', 'Laboriosam amet aperiam aut cupiditate sint libero consequatur sit. Ut odit sint dolor ipsam ea voluptatum voluptas. Expedita incidunt enim quo adipisci sed quia inventore. Aut blanditiis praesentium est eaque vitae perferendis.', 4, '2020-06-27 21:12:01', '2020-06-27 21:12:01'),
(160, 31, 'Heather Schuster', 'Modi voluptates id quod. Eum sint voluptatem sequi quae maxime velit eaque. Optio eos voluptas ea velit nihil nisi ipsum.', 1, '2020-06-27 21:12:02', '2020-06-27 21:12:02'),
(161, 29, 'Julien Russel', 'Et soluta aut animi sed fugit hic vitae. Incidunt expedita error at asperiores et enim dignissimos. Quaerat facere dolores facilis consequatur facilis voluptatem earum.', 4, '2020-06-27 21:12:02', '2020-06-27 21:12:02'),
(162, 36, 'Joy Spencer', 'Voluptas illum eius aliquam nam explicabo dolor occaecati. Sapiente aliquam est dolorum fugit qui. Dolor consequatur totam et necessitatibus in nesciunt. Impedit nam aut deserunt dolor. Quia consequuntur totam non neque nobis aut eveniet.', 5, '2020-06-27 21:12:02', '2020-06-27 21:12:02'),
(163, 46, 'Remington Leannon', 'Consequuntur ea ab sint quam neque nostrum ut. Quia non nisi ut molestias numquam. Quo occaecati aut eveniet voluptas vitae.', 1, '2020-06-27 21:12:02', '2020-06-27 21:12:02'),
(164, 27, 'Anais Feeney', 'Fuga eos laborum omnis alias. Eos aut corrupti ut. Libero est sit odit perspiciatis nam aut repudiandae magni.', 0, '2020-06-27 21:12:02', '2020-06-27 21:12:02'),
(165, 15, 'Zelda Goyette', 'Deleniti at amet ducimus similique qui et. Adipisci id enim minima sint voluptas omnis. Eos dicta atque quia odio totam nam doloremque quia. Quis voluptates sapiente adipisci sit aut ducimus repudiandae consequatur. Est consequatur ipsam ut deleniti debitis illum dolores.', 2, '2020-06-27 21:12:02', '2020-06-27 21:12:02'),
(166, 1, 'Jevon Christiansen', 'Velit magni quos rem similique autem qui tenetur. Ut vitae labore dolorum dolore. Labore ut dolorum et est dignissimos qui qui necessitatibus.', 2, '2020-06-27 21:12:02', '2020-06-27 21:12:02'),
(167, 27, 'Yasmine Moen MD', 'Voluptas rerum omnis ducimus sunt tempora. Nobis sed quia ipsum sit aut iure voluptas repellat. Laborum eligendi delectus vitae eos qui.', 5, '2020-06-27 21:12:02', '2020-06-27 21:12:02'),
(168, 3, 'Sarah Sipes', 'Est aut facere blanditiis reprehenderit. Nobis ut veritatis laboriosam alias aliquam ipsa reiciendis.', 4, '2020-06-27 21:12:02', '2020-06-27 21:12:02'),
(169, 36, 'Prof. Wilford Flatley', 'Aliquam dolore sequi est voluptatum. Quasi reiciendis labore molestias ad. Odio earum rerum illum blanditiis veritatis tenetur officiis.', 0, '2020-06-27 21:12:02', '2020-06-27 21:12:02'),
(170, 1, 'Prof. Marina Torp DVM', 'Possimus sunt animi ad voluptatum unde sit. Provident voluptas quam voluptatibus ipsum delectus explicabo vero. Molestiae id natus aut tenetur.', 4, '2020-06-27 21:12:02', '2020-06-27 21:12:02'),
(171, 41, 'Hadley Dare', 'Ex aut autem quaerat maxime quos ipsum saepe. Nihil commodi inventore libero itaque.', 4, '2020-06-27 21:12:02', '2020-06-27 21:12:02'),
(172, 33, 'Linnie Stehr MD', 'Et ex culpa corporis explicabo. Dolore in optio molestias. Modi temporibus iusto ut aut harum enim deserunt. Qui doloremque rerum in cum architecto dolores eum.', 3, '2020-06-27 21:12:02', '2020-06-27 21:12:02'),
(173, 27, 'Justus Baumbach III', 'Sit et nihil earum. Ut perferendis aliquam sed esse blanditiis. Excepturi esse et fugiat consequatur alias qui aut.', 4, '2020-06-27 21:12:02', '2020-06-27 21:12:02'),
(174, 38, 'Maryjane McKenzie', 'Adipisci totam non deserunt est. Sed velit fuga et corrupti. Sed perferendis quia at quod. Et blanditiis accusantium nulla quod cumque sit expedita accusantium.', 0, '2020-06-27 21:12:02', '2020-06-27 21:12:02'),
(175, 5, 'Orin Daniel', 'Fugiat cupiditate voluptas sunt aut sint sed. Ut voluptas et ut exercitationem vel. Nulla earum officia architecto libero. Et nostrum asperiores veritatis odio. Et non libero delectus vel repellat fuga earum.', 3, '2020-06-27 21:12:02', '2020-06-27 21:12:02'),
(176, 3, 'Dr. Claire Feeney', 'Voluptatem et tenetur dolorem porro consequatur. Molestias consectetur sit dolorem. Fugiat quis dolorem illum minima aliquid incidunt. Dolores dolor hic qui ea similique voluptatem recusandae.', 5, '2020-06-27 21:12:02', '2020-06-27 21:12:02'),
(177, 4, 'Alice Maggio I', 'Omnis doloribus eos et aperiam pariatur. Animi quas magni et id consequatur quas autem. Tempora ea cupiditate sunt eum deleniti velit omnis.', 0, '2020-06-27 21:12:03', '2020-06-27 21:12:03'),
(178, 28, 'Mrs. Dariana Hilpert PhD', 'Vel cupiditate aspernatur unde et. Vero quod quae qui dolor alias veniam dolores.', 4, '2020-06-27 21:12:03', '2020-06-27 21:12:03'),
(179, 17, 'Trycia Morar', 'Deleniti culpa eum quibusdam nesciunt officiis sapiente. Asperiores possimus repellendus aliquid cupiditate consequuntur voluptatem error facilis. Qui quam deserunt ut. Quo numquam dolor laborum nihil.', 2, '2020-06-27 21:12:03', '2020-06-27 21:12:03'),
(180, 32, 'Dr. Ludwig Rohan Jr.', 'Veritatis facilis esse quia iure nesciunt. Voluptatem voluptatibus totam et quis qui architecto cumque. Voluptatem asperiores pariatur omnis.', 1, '2020-06-27 21:12:03', '2020-06-27 21:12:03'),
(181, 10, 'Leo McKenzie', 'Impedit cumque dolorem earum quasi fuga. Sunt quia officia dolor ut dolores. A nesciunt soluta nostrum consequatur reprehenderit.', 0, '2020-06-27 21:12:03', '2020-06-27 21:12:03'),
(182, 21, 'Cydney Gerhold Jr.', 'Dicta quisquam quo ex. Est ipsa omnis incidunt non repellendus. Enim aliquam ut ut maxime sed. Ut illo aspernatur repellat maxime. Quos ipsa reprehenderit earum amet.', 5, '2020-06-27 21:12:03', '2020-06-27 21:12:03'),
(183, 29, 'Dr. Milo Koepp DVM', 'Molestiae rerum culpa voluptas error incidunt. Ipsa fugit in minima deleniti voluptatum tempora et debitis. Dolores aut sit officiis facilis facilis accusantium fugit.', 4, '2020-06-27 21:12:03', '2020-06-27 21:12:03'),
(184, 17, 'Glenda Stroman', 'Magni laudantium quidem distinctio animi inventore omnis dolorem. Iusto deserunt alias quia aut porro esse.', 4, '2020-06-27 21:12:03', '2020-06-27 21:12:03'),
(185, 23, 'Prof. Alycia Lindgren IV', 'Ratione repellat neque laborum repudiandae nihil. Qui qui ut corrupti et neque aliquid. Quia qui ut iusto pariatur ullam tenetur assumenda. Perspiciatis repudiandae eligendi dolores error reiciendis enim minima et. Blanditiis necessitatibus at ullam.', 3, '2020-06-27 21:12:03', '2020-06-27 21:12:03'),
(186, 11, 'Miss Josie Gerlach', 'Molestiae quos quam ut aperiam optio aliquid ipsam. Unde non nemo sit non dolorem. Exercitationem voluptas sit illum esse quod amet sunt nihil. Excepturi neque aperiam natus. Aut maiores et veritatis vel enim quasi ex.', 5, '2020-06-27 21:12:03', '2020-06-27 21:12:03'),
(187, 36, 'Angelica Eichmann', 'Eaque ipsum reiciendis quisquam nihil itaque quidem. Distinctio sed voluptas unde est est nemo. Fugiat sed rem hic.', 3, '2020-06-27 21:12:03', '2020-06-27 21:12:03'),
(188, 7, 'Malinda Thiel', 'Hic sed ducimus iure autem. Quidem rerum vitae eaque totam necessitatibus vel sunt. Non ipsa aliquid aut. Sequi sunt blanditiis accusantium atque commodi consequatur perspiciatis. Non facere incidunt autem amet quis consequatur.', 5, '2020-06-27 21:12:03', '2020-06-27 21:12:03'),
(189, 5, 'Cristian Grimes', 'Aspernatur non labore adipisci omnis quaerat. Eligendi magni sint hic et facilis ullam. Reiciendis fugiat ea ad. Qui vitae repellat at quia mollitia iure impedit nostrum.', 0, '2020-06-27 21:12:03', '2020-06-27 21:12:03'),
(190, 1, 'Marlin Schimmel', 'Sint explicabo aliquid facere esse. Eaque vitae eum veritatis dicta vel praesentium. Velit saepe nesciunt alias placeat soluta quibusdam consectetur quo.', 5, '2020-06-27 21:12:03', '2020-06-27 21:12:03'),
(191, 48, 'Nicolette Ebert', 'Voluptate est aut sit quod eius aut voluptatem. Consequuntur id deleniti perferendis excepturi. Vero placeat voluptate asperiores maiores.', 4, '2020-06-27 21:12:03', '2020-06-27 21:12:03'),
(192, 24, 'Ms. Bridget Wuckert', 'Consequatur sit dignissimos eligendi possimus. Rerum qui qui sed fugiat quaerat quod. Consectetur labore quia mollitia quia ab aliquam consectetur.', 2, '2020-06-27 21:12:03', '2020-06-27 21:12:03'),
(193, 14, 'Blair Hansen IV', 'Aut et neque blanditiis et repellat dolorem. Nemo possimus et sit. Provident ipsam quibusdam aut. Ut eius dignissimos reiciendis recusandae expedita sit error.', 5, '2020-06-27 21:12:03', '2020-06-27 21:12:03'),
(194, 35, 'Barrett Fisher', 'Est et sint inventore quam voluptatem. Maxime repudiandae tempore nesciunt voluptatum qui molestias minima. Esse quaerat nam voluptas voluptas non. Quia nesciunt vel velit ea.', 2, '2020-06-27 21:12:03', '2020-06-27 21:12:03'),
(195, 44, 'Dameon Bernhard MD', 'Quia aut culpa voluptatem omnis veritatis. Sint non illum saepe quis beatae quia nulla. Est assumenda aut alias voluptatum ipsum blanditiis veritatis et.', 3, '2020-06-27 21:12:03', '2020-06-27 21:12:03'),
(196, 44, 'Faye Bashirian', 'Provident ea velit dignissimos adipisci eos ipsam. Ut ipsum non soluta excepturi error mollitia harum. Nam dolore veritatis eveniet sed vel.', 0, '2020-06-27 21:12:04', '2020-06-27 21:12:04'),
(197, 14, 'Samson Wilderman', 'Quia et dolorem illum. Dolores deserunt eos aut voluptatibus iure. Vel dolores est sed.', 4, '2020-06-27 21:12:04', '2020-06-27 21:12:04'),
(198, 4, 'Houston Smitham', 'Qui dolore dolorem enim possimus nisi occaecati magnam. Tempora ipsam tenetur eos eveniet. Corporis sed error dolorem et rem sapiente.', 5, '2020-06-27 21:12:04', '2020-06-27 21:12:04'),
(199, 45, 'Shany Harber', 'Consectetur velit sit et dignissimos hic est. Ipsa aut perspiciatis perferendis quibusdam.', 1, '2020-06-27 21:12:04', '2020-06-27 21:12:04'),
(200, 5, 'Ibrahim Fritsch', 'Harum et labore possimus nulla et quia. Maiores fugit hic quasi accusantium amet. Aut voluptate quas aliquid.', 2, '2020-06-27 21:12:04', '2020-06-27 21:12:04'),
(201, 47, 'Lempi Kihn', 'Quia animi soluta hic rerum in in esse. Dolorem mollitia dolor numquam blanditiis. Id consectetur ex sint aliquam dolores velit ad. Voluptatem iste libero libero sint quaerat velit quibusdam.', 1, '2020-06-27 21:12:05', '2020-06-27 21:12:05'),
(202, 25, 'Lamar Wuckert', 'Rerum facere amet modi quos debitis. Numquam assumenda vero esse odit laboriosam necessitatibus. Amet rem eius laborum ea recusandae iste iusto.', 0, '2020-06-27 21:12:05', '2020-06-27 21:12:05'),
(203, 48, 'Callie Heidenreich', 'Mollitia et soluta aut. Doloribus temporibus blanditiis fugiat autem sit. Qui aut incidunt sed non. Debitis voluptate cumque et at non ut quod.', 1, '2020-06-27 21:12:05', '2020-06-27 21:12:05'),
(204, 21, 'Dr. Tianna Kirlin V', 'Velit iusto explicabo quis voluptatem non corporis quam. Aut et iure officiis eius vel eveniet deleniti et.', 5, '2020-06-27 21:12:05', '2020-06-27 21:12:05'),
(205, 19, 'Elvis Lang IV', 'Quod ad quam delectus aut cumque officia. Quia provident ut soluta voluptatibus voluptatem.', 1, '2020-06-27 21:12:05', '2020-06-27 21:12:05'),
(206, 48, 'Dr. Keven Grant', 'Voluptatem et nesciunt quaerat distinctio. Veniam aut est distinctio quis aut et. Delectus quis nihil illum est quod. Officiis minima quae atque quam suscipit qui.', 0, '2020-06-27 21:12:05', '2020-06-27 21:12:05'),
(207, 19, 'Domenick Kuhn', 'Ipsa veritatis et aliquam est illum cumque officia. Minus aut veritatis est autem illo odio. Repellat ipsum fugiat maxime voluptatem repellat amet ullam nobis. Rerum officiis assumenda totam quam nihil enim. Ex possimus in corporis.', 0, '2020-06-27 21:12:05', '2020-06-27 21:12:05'),
(208, 42, 'Kallie Kshlerin', 'Sed eos dolore provident illum aut cupiditate. Aut voluptatibus eius repellendus ipsam. Voluptates aperiam aut ipsa autem mollitia vel tempora sed. Qui earum adipisci autem voluptatem delectus eos.', 3, '2020-06-27 21:12:05', '2020-06-27 21:12:05'),
(209, 14, 'Prof. General Hammes DVM', 'Nisi mollitia culpa est sit animi. Consequuntur maiores omnis architecto voluptatem et quasi maiores. Nobis laboriosam quia id fugit.', 0, '2020-06-27 21:12:05', '2020-06-27 21:12:05'),
(210, 5, 'Dr. Nathanael Skiles DDS', 'Necessitatibus iste dignissimos provident molestias vel dolorum. Rerum officia est eos est temporibus. Cupiditate magnam aut molestiae facere quas corrupti sit.', 2, '2020-06-27 21:12:05', '2020-06-27 21:12:05');
INSERT INTO `reviews` (`id`, `product_id`, `customer`, `review`, `rating`, `created_at`, `updated_at`) VALUES
(211, 11, 'Mrs. Catharine Russel Jr.', 'Cupiditate architecto nemo non repellat non quam. Soluta esse et earum aut est perferendis natus mollitia. Distinctio ut labore labore quaerat itaque sint.', 4, '2020-06-27 21:12:05', '2020-06-27 21:12:05'),
(212, 6, 'Eloise Ratke', 'Sunt rerum eius quis amet repellendus. Sit est enim provident sequi. Impedit tempora iusto quae et hic.', 2, '2020-06-27 21:12:05', '2020-06-27 21:12:05'),
(213, 5, 'Howard Koepp', 'Libero molestiae aspernatur cumque voluptatem aut et dolor. Laborum ipsum at dolores ipsa nulla perferendis alias fuga.', 5, '2020-06-27 21:12:05', '2020-06-27 21:12:05'),
(214, 34, 'Alycia Kub I', 'Dolorum qui consequatur voluptas consequuntur. In id temporibus est molestiae est voluptates. Officia vel perspiciatis ut adipisci reprehenderit aut. Temporibus voluptas consequatur enim quisquam doloribus ad.', 2, '2020-06-27 21:12:05', '2020-06-27 21:12:05'),
(215, 48, 'Mrs. Kassandra Gleason', 'Aut labore ipsam cupiditate nam molestiae. Aut velit et labore nostrum sint. Ipsam quod atque perferendis eos.', 0, '2020-06-27 21:12:05', '2020-06-27 21:12:05'),
(216, 19, 'Demarcus Lueilwitz', 'Quo deleniti assumenda voluptatem vero praesentium adipisci molestias. Ut veritatis aliquid quis. Esse ullam dolores aliquid quaerat consequuntur. Eaque quis dolorum ipsa.', 2, '2020-06-27 21:12:06', '2020-06-27 21:12:06'),
(217, 31, 'Maryjane Abernathy', 'Vel nobis dolor quo nesciunt aliquam qui. Voluptatem beatae debitis odit saepe sit explicabo. Voluptatum et maxime ipsa.', 4, '2020-06-27 21:12:06', '2020-06-27 21:12:06'),
(218, 20, 'Mr. Toney Pouros', 'Voluptates esse et hic enim illum tempora. Quidem quia quaerat ut reprehenderit. Ratione et neque quaerat.', 5, '2020-06-27 21:12:06', '2020-06-27 21:12:06'),
(219, 3, 'Neil Cormier MD', 'Fugit nulla voluptate culpa natus rem deserunt. Sunt omnis vitae veniam iusto. Voluptatum soluta autem provident adipisci. Tempora vero sunt qui beatae sequi. Incidunt incidunt consequuntur qui.', 1, '2020-06-27 21:12:06', '2020-06-27 21:12:06'),
(220, 49, 'Clare Jones', 'Placeat dolorum sequi fugiat dolores. Incidunt vel sed vitae et commodi quae. Fugit culpa incidunt eaque et non. Et quidem libero aut delectus dignissimos earum.', 4, '2020-06-27 21:12:06', '2020-06-27 21:12:06'),
(221, 38, 'Angelica Hartmann', 'Repudiandae ut sed atque nihil. Perspiciatis omnis alias consequatur quibusdam voluptates est ex. Sed magni laboriosam quam similique ducimus vero aut. Aspernatur in quod sapiente laudantium cum nobis.', 2, '2020-06-27 21:12:06', '2020-06-27 21:12:06'),
(222, 34, 'Athena Johnston DDS', 'Eos voluptatem quos autem dignissimos quibusdam eaque. Accusantium distinctio error aut repellendus ut et eveniet quia. Voluptate architecto corporis et id qui fugiat. Earum et qui aut est ea nihil ipsam molestiae. Autem veniam aut consequatur quis commodi beatae enim.', 1, '2020-06-27 21:12:06', '2020-06-27 21:12:06'),
(223, 27, 'Trey Erdman', 'Molestiae at est qui omnis qui odio qui. Odit est aut ipsa possimus fugiat vitae ut. Atque aut doloribus iusto rem non officiis. Voluptates eos cumque quasi aut excepturi.', 5, '2020-06-27 21:12:06', '2020-06-27 21:12:06'),
(224, 30, 'Prof. Chaya Heller I', 'Id est sapiente nihil unde veniam sed. Non dolor qui dolorem ad sit occaecati numquam. Nisi id excepturi sit minus earum.', 2, '2020-06-27 21:12:06', '2020-06-27 21:12:06'),
(225, 16, 'Payton Schuppe', 'Dolorem voluptates reprehenderit et beatae. Dolor molestiae consequatur autem sint debitis voluptatem. Quia mollitia animi nihil dicta ut placeat. Molestiae occaecati deserunt reprehenderit velit sapiente libero.', 0, '2020-06-27 21:12:06', '2020-06-27 21:12:06'),
(226, 7, 'Sophie Mertz', 'Sed omnis temporibus quas ipsa. Molestias rem nobis ut sit. Consequatur dolorem non nam est sunt.', 1, '2020-06-27 21:12:06', '2020-06-27 21:12:06'),
(227, 43, 'Isom Schmeler', 'Et voluptate excepturi et molestiae cumque quod. Id in veniam et enim molestias aut. Facere sunt provident fuga soluta laudantium.', 3, '2020-06-27 21:12:06', '2020-06-27 21:12:06'),
(228, 15, 'Electa Johnson', 'Aperiam id vero doloremque unde quos et. Et voluptas est ut.', 3, '2020-06-27 21:12:06', '2020-06-27 21:12:06'),
(229, 12, 'Brice Douglas II', 'Enim ut ut dolorem sunt aperiam voluptatem sed. Veniam illum nostrum eius sit impedit nemo. Et repellat at qui eos.', 3, '2020-06-27 21:12:06', '2020-06-27 21:12:06'),
(230, 32, 'Lamar Rice', 'Qui rerum expedita et dolorem alias tenetur. Fuga voluptas voluptatum odio temporibus deleniti ea. Voluptatum repellendus tenetur explicabo et consequuntur quis. Unde harum est eligendi deleniti est.', 4, '2020-06-27 21:12:06', '2020-06-27 21:12:06'),
(231, 22, 'Ms. Taryn Kemmer Jr.', 'Ut quisquam alias ut tempore quia eligendi dignissimos. Facilis laboriosam sit quis dolorum. Aspernatur molestiae et cum ducimus nesciunt est. Nemo assumenda omnis ipsam veritatis quia facilis iusto.', 0, '2020-06-27 21:12:06', '2020-06-27 21:12:06'),
(232, 4, 'Cassie Hand', 'Sit aut expedita tempora qui. Fugiat rerum eum qui voluptatem est. Porro reprehenderit accusantium excepturi odit architecto voluptatibus.', 2, '2020-06-27 21:12:06', '2020-06-27 21:12:06'),
(233, 6, 'Prof. Alex Zboncak', 'Eaque et aut labore quibusdam sint. Vel est incidunt excepturi inventore totam. Accusamus velit natus hic consequuntur iusto et suscipit natus. Laudantium odio distinctio esse quos.', 2, '2020-06-27 21:12:06', '2020-06-27 21:12:06'),
(234, 49, 'Mr. Santiago Bahringer', 'Harum dolores eos ut possimus quis. Et porro sunt sunt eligendi tempora itaque. Minima vitae quia id ut inventore. Atque debitis hic et qui nihil qui.', 5, '2020-06-27 21:12:06', '2020-06-27 21:12:06'),
(235, 12, 'Albin Abshire', 'Nihil ea reiciendis qui fugit distinctio praesentium natus officia. Officia ratione et earum quis. Expedita nobis sunt voluptate consequatur et ut in. Velit officia voluptas architecto beatae.', 5, '2020-06-27 21:12:06', '2020-06-27 21:12:06'),
(236, 8, 'Samanta Metz Sr.', 'Et earum qui facilis quis minima illum. Est quasi et officia voluptas et. Eum doloribus ab qui quia sapiente molestiae.', 3, '2020-06-27 21:12:07', '2020-06-27 21:12:07'),
(237, 34, 'Natasha Herzog', 'Tempore nihil nisi maiores aut recusandae delectus. Ut hic quia ea perferendis provident repudiandae ex.', 0, '2020-06-27 21:12:07', '2020-06-27 21:12:07'),
(238, 47, 'Prof. Llewellyn Ruecker III', 'Consequuntur sed reprehenderit minus ea similique. Excepturi ex distinctio eius sit porro consequatur. Aut provident recusandae doloribus eum deleniti aut sed et. Eaque mollitia voluptate eaque itaque ut.', 1, '2020-06-27 21:12:07', '2020-06-27 21:12:07'),
(239, 25, 'Prof. Fanny Davis', 'Et vitae saepe exercitationem. Ut non architecto cupiditate. Laborum excepturi tempora quaerat cumque.', 5, '2020-06-27 21:12:07', '2020-06-27 21:12:07'),
(240, 46, 'Rogelio Kemmer DDS', 'Est iusto perspiciatis qui maiores. Facilis architecto et suscipit amet. Voluptas ipsa tempora quia et qui. In non atque placeat magnam.', 3, '2020-06-27 21:12:07', '2020-06-27 21:12:07'),
(241, 10, 'Ms. Carlotta Littel I', 'A et magni non iusto. Omnis impedit quidem perspiciatis enim aut nam quo. Sint rerum adipisci iste nulla rerum. Velit mollitia alias est reiciendis et ut. Voluptas sit et qui consequatur labore quos vitae.', 3, '2020-06-27 21:12:07', '2020-06-27 21:12:07'),
(242, 35, 'Randall Price', 'Molestias tempore nisi quas illum. Vel dolore voluptatem architecto libero maxime. Consequatur ex autem tempore saepe sapiente sequi ut. Consequatur sed cumque id veniam dolore et eum.', 3, '2020-06-27 21:12:07', '2020-06-27 21:12:07'),
(243, 48, 'Mr. Janick Robel Jr.', 'Dicta illo voluptatem omnis est laboriosam corporis. Expedita aut et doloribus voluptatem beatae.', 2, '2020-06-27 21:12:07', '2020-06-27 21:12:07'),
(244, 18, 'Miles Fritsch PhD', 'Libero minus unde deserunt aut sed laboriosam nam. Fugit ullam consequatur neque consequatur. Illum modi corporis ut iste repellendus voluptas eaque perferendis. Quas vel at pariatur nam.', 1, '2020-06-27 21:12:07', '2020-06-27 21:12:07'),
(245, 44, 'Dr. Darlene Pfeffer', 'In suscipit explicabo sunt qui praesentium voluptate omnis inventore. Temporibus ex mollitia quas odit. Sequi ratione voluptatem est facilis fuga perferendis qui. Iste est voluptatem est ut.', 2, '2020-06-27 21:12:07', '2020-06-27 21:12:07'),
(246, 18, 'Prof. Delaney Trantow', 'Expedita non exercitationem dolor vel. Voluptatem sint magni id est reiciendis. Voluptas omnis eos nobis quo aliquam aut. Voluptatem ut totam nisi in nulla vel et quasi.', 2, '2020-06-27 21:12:07', '2020-06-27 21:12:07'),
(247, 38, 'Mr. Christophe Wisoky Sr.', 'Culpa et architecto qui minus. Voluptas et adipisci ducimus. Eligendi est velit est perferendis occaecati eos.', 0, '2020-06-27 21:12:07', '2020-06-27 21:12:07'),
(248, 49, 'Ethyl Borer I', 'Placeat fuga quo voluptatem porro dolor sed quia. Ipsum qui necessitatibus quo quia voluptate enim. Repellendus eos temporibus quas dignissimos in rerum.', 3, '2020-06-27 21:12:07', '2020-06-27 21:12:07'),
(249, 34, 'Mrs. Gladyce Wolff I', 'Eum assumenda ex rerum qui voluptatem modi quasi. Nulla tenetur molestiae nostrum esse facere. Earum quas voluptas modi quas aperiam voluptatem odit.', 1, '2020-06-27 21:12:08', '2020-06-27 21:12:08'),
(250, 46, 'Sheridan Crist MD', 'Omnis nobis impedit optio quas rerum et. Perferendis omnis tempore aut voluptatum.', 3, '2020-06-27 21:12:08', '2020-06-27 21:12:08'),
(251, 39, 'Robyn Conn', 'Qui tenetur culpa sit eos. Molestiae eligendi animi rerum et possimus. In assumenda quaerat commodi fugit molestias blanditiis odio vero.', 1, '2020-06-27 21:12:08', '2020-06-27 21:12:08'),
(252, 39, 'Mayra Cormier', 'Molestiae reprehenderit fuga maxime quia eos nulla rerum. Nisi eos dolores molestias voluptatem officia. Et similique eveniet recusandae ut.', 4, '2020-06-27 21:12:08', '2020-06-27 21:12:08'),
(253, 35, 'Jerrell Cummerata', 'Aut inventore eos sed dolores laborum consequatur et. Fuga eaque in error repudiandae hic dolorum est enim. Voluptas laboriosam aliquam autem et. Consequuntur cumque qui architecto.', 2, '2020-06-27 21:12:08', '2020-06-27 21:12:08'),
(254, 40, 'Toni Kirlin', 'Magni veniam illum repellat. Illo dolorum voluptate enim tempora. Est eum commodi ut reprehenderit quasi qui magni qui. Sint rerum est numquam consequatur corrupti.', 4, '2020-06-27 21:12:08', '2020-06-27 21:12:08'),
(255, 44, 'Zaria Smith', 'Fuga tenetur dolorum aut sit voluptatem itaque. Aut fuga ad aut sed nobis ullam voluptas. In harum repudiandae consequatur a.', 0, '2020-06-27 21:12:08', '2020-06-27 21:12:08'),
(256, 27, 'Mathilde O\'Conner', 'Voluptates et corrupti et numquam veritatis voluptates quia. Quia iure nisi est autem et blanditiis ipsa iure. Omnis facere architecto quia autem consequatur cupiditate. Et alias provident minima rerum.', 1, '2020-06-27 21:12:08', '2020-06-27 21:12:08'),
(257, 15, 'Mrs. Adell Bins', 'Voluptatem dolore aut nulla officia voluptas accusantium. Et iusto animi laboriosam minima. Est animi iste et perferendis quo pariatur placeat.', 2, '2020-06-27 21:12:08', '2020-06-27 21:12:08'),
(258, 46, 'Jeramy Witting IV', 'Tenetur eaque veritatis dolore animi sed enim eius eligendi. Sint commodi voluptatem consequuntur et. Ab placeat ex sapiente dolore.', 5, '2020-06-27 21:12:08', '2020-06-27 21:12:08'),
(259, 15, 'Prof. Lucious Hoeger V', 'Impedit assumenda excepturi itaque facere et pariatur illo. Voluptas cum voluptates asperiores voluptatem ad reprehenderit. Et ipsum deserunt similique magnam.', 5, '2020-06-27 21:12:08', '2020-06-27 21:12:08'),
(260, 17, 'Mrs. Martine Price', 'Voluptatum quo sequi perferendis aut repellat et. Porro assumenda mollitia voluptatem dolorum. Et voluptas officiis at molestiae consequatur ut voluptate. Ullam nobis et repellendus quis magnam est. Quaerat quas vel adipisci inventore adipisci alias numquam.', 4, '2020-06-27 21:12:08', '2020-06-27 21:12:08'),
(261, 16, 'Declan Johns', 'Aut quis amet et explicabo numquam debitis blanditiis in. Magnam blanditiis et corrupti voluptatem omnis minus ad est. Quisquam qui totam quia eius qui assumenda perferendis. Atque ea ducimus corporis alias asperiores aliquid cupiditate.', 2, '2020-06-27 21:12:08', '2020-06-27 21:12:08'),
(262, 36, 'Garfield Maggio', 'Facere eos quisquam est voluptatem ipsa suscipit quasi commodi. Ab ea non beatae et. Saepe in maiores non vel provident vel. Ipsum laboriosam impedit ad blanditiis.', 1, '2020-06-27 21:12:08', '2020-06-27 21:12:08'),
(263, 31, 'Lon Swift', 'Quidem aut voluptatem debitis vitae ipsa voluptas eos. Et ut ut fugiat minima ut enim. Error omnis sunt tempora corporis perspiciatis quidem. Laudantium neque qui et suscipit perferendis qui ex.', 1, '2020-06-27 21:12:08', '2020-06-27 21:12:08'),
(264, 45, 'Rollin Littel', 'Officiis voluptas non facilis repudiandae odit omnis. Illum voluptates illum sit consequatur aperiam mollitia. Est aut delectus tempora repellendus omnis dicta modi. Autem vitae aliquam debitis sapiente quisquam.', 3, '2020-06-27 21:12:08', '2020-06-27 21:12:08'),
(265, 25, 'Nicola O\'Connell', 'Ex et quidem modi qui facere repudiandae ut. Saepe error nostrum dolorem veniam sed in sunt. Voluptas atque culpa aut aut. Sunt cupiditate et harum non.', 5, '2020-06-27 21:12:09', '2020-06-27 21:12:09'),
(266, 2, 'Monty Reynolds', 'Error dolorem at qui nisi sed. Dolor ut sequi ipsam vero nemo quidem voluptatem corrupti. Deleniti aut inventore eos voluptas.', 3, '2020-06-27 21:12:09', '2020-06-27 21:12:09'),
(267, 2, 'Kobe Hamill', 'Ullam temporibus qui nam sunt rerum ut. Eaque voluptatem nam at accusamus suscipit et nostrum. Sit deserunt ut esse voluptas.', 1, '2020-06-27 21:12:09', '2020-06-27 21:12:09'),
(268, 50, 'Prof. Denis Ryan III', 'Alias facilis eveniet est ut. Et omnis qui et et. Expedita quae dolor fugit modi eligendi mollitia dolores. Ipsum itaque corrupti quia molestias eos quidem dolor. Quod quia earum eum velit rem excepturi.', 0, '2020-06-27 21:12:09', '2020-06-27 21:12:09'),
(269, 11, 'Camden Sauer', 'A odio repellendus rerum inventore officiis. Ut est asperiores distinctio explicabo voluptate reiciendis. Facilis quia laboriosam ducimus.', 1, '2020-06-27 21:12:09', '2020-06-27 21:12:09'),
(270, 49, 'Dr. Keanu Gaylord', 'Qui consequatur laboriosam earum tempore doloremque voluptatem quia. Et sapiente quo voluptatem impedit. Eveniet provident velit iure amet consequuntur iure tenetur. Beatae sed iure necessitatibus doloribus. Nisi sed quod ut non.', 2, '2020-06-27 21:12:09', '2020-06-27 21:12:09'),
(271, 13, 'Miss Darlene Toy Sr.', 'Laboriosam facere illum omnis ullam at est. Officiis aliquid dolorem optio eligendi et vitae tempora. Est voluptas enim perspiciatis cupiditate at.', 2, '2020-06-27 21:12:09', '2020-06-27 21:12:09'),
(272, 47, 'Vallie Fay', 'Quos soluta inventore autem omnis optio. Ad qui nemo beatae. Omnis commodi iure in molestiae ratione iusto.', 1, '2020-06-27 21:12:09', '2020-06-27 21:12:09'),
(273, 15, 'Dr. Mathew Douglas Jr.', 'Impedit adipisci minus nam voluptates placeat ducimus. Earum enim ullam neque voluptatem non. Consequuntur odio voluptates rerum iusto.', 5, '2020-06-27 21:12:09', '2020-06-27 21:12:09'),
(274, 23, 'Lewis Brekke DVM', 'Aut accusamus dolores reiciendis sed tempore. Ad voluptates libero accusamus id reprehenderit a ex placeat. Dolor porro accusantium quo non eum delectus.', 2, '2020-06-27 21:12:09', '2020-06-27 21:12:09'),
(275, 38, 'Dr. Fiona Grady', 'Dicta et alias sit minima. Omnis ducimus omnis debitis repudiandae commodi sed. Voluptatibus tenetur quo facilis aut molestias. Qui minus labore at aut et et consequatur ut.', 4, '2020-06-27 21:12:09', '2020-06-27 21:12:09'),
(276, 45, 'Alberto Skiles', 'Dolor magni et ut quaerat. Possimus dolores et vero voluptatem aliquid. Quod occaecati harum autem veritatis debitis sunt autem.', 3, '2020-06-27 21:12:09', '2020-06-27 21:12:09'),
(277, 42, 'Paige Crona', 'Qui consequatur illum explicabo. Fugiat ipsam corporis velit in nihil non. Consequatur quos quaerat nulla. Omnis minima id dolorum magni animi minima.', 0, '2020-06-27 21:12:09', '2020-06-27 21:12:09'),
(278, 15, 'Ruthie Batz', 'Non ea similique inventore fuga tempora numquam et. Omnis delectus in autem iusto id quos. Dolore facilis aut eum ut.', 4, '2020-06-27 21:12:09', '2020-06-27 21:12:09'),
(279, 47, 'Fannie Stoltenberg', 'Ut neque nam quia facilis unde. Suscipit ducimus non fugit qui iusto quas. Molestiae reiciendis voluptatem eaque consequatur rerum reprehenderit.', 4, '2020-06-27 21:12:09', '2020-06-27 21:12:09'),
(280, 19, 'Wilfrid Muller I', 'Nesciunt laborum dignissimos iure debitis. Eos occaecati labore provident et sed nam laboriosam totam. Facere fugit sunt et dolorem similique. Eligendi excepturi error et nemo. Aut omnis unde ipsa.', 0, '2020-06-27 21:12:10', '2020-06-27 21:12:10'),
(281, 10, 'Melisa Hettinger', 'Nesciunt itaque illum veniam qui repellendus. Voluptas nobis aspernatur dolorum placeat aperiam illo fuga. Enim cupiditate nihil fuga nesciunt maiores magni. Tempore provident eum aut hic quia.', 2, '2020-06-27 21:12:10', '2020-06-27 21:12:10'),
(282, 30, 'Dr. Maegan Cummings', 'Eveniet aut dolor sunt voluptates aut dicta omnis. Facere tempore nihil necessitatibus expedita.', 3, '2020-06-27 21:12:10', '2020-06-27 21:12:10'),
(283, 43, 'Alden Kling', 'Explicabo quos maxime veniam. Exercitationem atque quis consequatur incidunt ipsum. Quidem dolore odio quasi. Veritatis culpa est voluptatem.', 0, '2020-06-27 21:12:10', '2020-06-27 21:12:10'),
(284, 47, 'Miss Elsa Blick I', 'Itaque omnis explicabo eos. Modi labore nemo quidem. Dolorem quo voluptatum praesentium et voluptas et voluptas.', 2, '2020-06-27 21:12:10', '2020-06-27 21:12:10'),
(285, 26, 'Mr. Giovani Dickens Jr.', 'Quae qui quia omnis rem. Eum nulla pariatur culpa tenetur nihil beatae. Sunt commodi aliquid autem atque placeat. Possimus excepturi omnis omnis repudiandae.', 3, '2020-06-27 21:12:10', '2020-06-27 21:12:10'),
(286, 19, 'Prof. Osborne Batz Sr.', 'Aut exercitationem eveniet non occaecati ab distinctio. Dolore eius aut dolorem dolorem omnis repellendus. Quidem consequatur voluptates qui optio omnis. Amet et dignissimos quis nostrum quia.', 1, '2020-06-27 21:12:10', '2020-06-27 21:12:10'),
(287, 25, 'Helmer Walter', 'Minima eaque autem molestiae vitae autem. Et ea voluptatem at. Saepe est eum eum eaque dignissimos ea enim.', 4, '2020-06-27 21:12:10', '2020-06-27 21:12:10'),
(288, 48, 'Prof. Cleora Miller', 'Vero ducimus culpa dolores voluptatem ut exercitationem distinctio. Culpa cum hic expedita consequuntur cum earum ut explicabo.', 4, '2020-06-27 21:12:10', '2020-06-27 21:12:10'),
(289, 48, 'Dr. Kendrick Schneider', 'Et pariatur similique et. Ea sed voluptatum autem qui aliquam ut nihil.', 3, '2020-06-27 21:12:10', '2020-06-27 21:12:10'),
(290, 16, 'David Blick Jr.', 'Qui non voluptates et culpa totam ipsa eveniet. Laborum tempora inventore rerum ipsa ut ea.', 2, '2020-06-27 21:12:10', '2020-06-27 21:12:10'),
(291, 35, 'Melvina Breitenberg', 'Neque expedita labore aspernatur. Nostrum quam dicta repellendus aut ipsam et. Dolore sed et similique facere. Et vel fuga laboriosam adipisci consequuntur aut veritatis rerum.', 3, '2020-06-27 21:12:10', '2020-06-27 21:12:10'),
(292, 34, 'Clarabelle Ledner', 'Aut pariatur dolorem fuga qui incidunt et placeat. Beatae nobis sint sunt. Corrupti aspernatur aut qui culpa temporibus quia.', 3, '2020-06-27 21:12:10', '2020-06-27 21:12:10'),
(293, 45, 'Laila Adams MD', 'Id dolores ad perferendis libero rerum quos. Consequuntur et aut sit et. Molestiae illum recusandae temporibus facilis accusamus quod. At beatae aspernatur et quo molestiae.', 3, '2020-06-27 21:12:10', '2020-06-27 21:12:10'),
(294, 7, 'Tess Rippin', 'Inventore explicabo dicta dolore debitis dolores aut molestiae. Quis libero autem fugiat dolorem cupiditate maiores. Et consequatur doloribus et. Nesciunt explicabo veniam in odio quos quia.', 4, '2020-06-27 21:12:10', '2020-06-27 21:12:10'),
(295, 15, 'Murl Eichmann', 'Quis est doloribus corporis ex saepe aut necessitatibus architecto. Est saepe praesentium ipsa reiciendis velit delectus. Placeat et et repellendus dolorum. Est aut aut et.', 2, '2020-06-27 21:12:10', '2020-06-27 21:12:10'),
(296, 41, 'Mr. Terrell Veum V', 'Voluptate voluptas sit dolore occaecati nihil. Minus omnis consequatur non asperiores.', 2, '2020-06-27 21:12:11', '2020-06-27 21:12:11'),
(297, 48, 'Janae Kassulke', 'Rerum itaque ut quo quae. Distinctio at sint dolorem aut ut officia sint.', 5, '2020-06-27 21:12:11', '2020-06-27 21:12:11'),
(298, 45, 'Torrey Parisian Jr.', 'Ratione similique enim consectetur consequatur officia dolores molestiae. Explicabo non qui quos quo laudantium sit voluptas consectetur. Nemo totam distinctio qui tempora dolores assumenda qui. Illum molestias sint modi dolor. Amet non accusantium ex eos fuga.', 1, '2020-06-27 21:12:11', '2020-06-27 21:12:11'),
(299, 3, 'Linnie Harber III', 'Est ut aliquid voluptatem nostrum voluptatem. Impedit ut earum velit. Sint aut similique aut.', 3, '2020-06-27 21:12:11', '2020-06-27 21:12:11'),
(300, 28, 'Miss Lorna Quigley', 'Labore eum quis impedit dolorem sit fugit. Sit officiis repudiandae et voluptas qui.', 3, '2020-06-27 21:12:11', '2020-06-27 21:12:11');

-- --------------------------------------------------------

--
-- Table structure for table `users`
--

CREATE TABLE `users` (
  `id` bigint(20) UNSIGNED NOT NULL,
  `name` varchar(255) COLLATE utf8mb4_unicode_ci NOT NULL,
  `email` varchar(255) COLLATE utf8mb4_unicode_ci NOT NULL,
  `email_verified_at` timestamp NULL DEFAULT NULL,
  `password` varchar(255) COLLATE utf8mb4_unicode_ci NOT NULL,
  `remember_token` varchar(100) COLLATE utf8mb4_unicode_ci DEFAULT NULL,
  `created_at` timestamp NULL DEFAULT NULL,
  `updated_at` timestamp NULL DEFAULT NULL
) ENGINE=InnoDB DEFAULT CHARSET=utf8mb4 COLLATE=utf8mb4_unicode_ci;

--
-- Indexes for dumped tables
--

--
-- Indexes for table `failed_jobs`
--
ALTER TABLE `failed_jobs`
  ADD PRIMARY KEY (`id`);

--
-- Indexes for table `migrations`
--
ALTER TABLE `migrations`
  ADD PRIMARY KEY (`id`);

--
-- Indexes for table `products`
--
ALTER TABLE `products`
  ADD PRIMARY KEY (`id`);

--
-- Indexes for table `reviews`
--
ALTER TABLE `reviews`
  ADD PRIMARY KEY (`id`),
  ADD KEY `1` (`product_id`);

--
-- Indexes for table `users`
--
ALTER TABLE `users`
  ADD PRIMARY KEY (`id`),
  ADD UNIQUE KEY `users_email_unique` (`email`);

--
-- AUTO_INCREMENT for dumped tables
--

--
-- AUTO_INCREMENT for table `failed_jobs`
--
ALTER TABLE `failed_jobs`
  MODIFY `id` bigint(20) UNSIGNED NOT NULL AUTO_INCREMENT;

--
-- AUTO_INCREMENT for table `migrations`
--
ALTER TABLE `migrations`
  MODIFY `id` int(10) UNSIGNED NOT NULL AUTO_INCREMENT, AUTO_INCREMENT=5;

--
-- AUTO_INCREMENT for table `products`
--
ALTER TABLE `products`
  MODIFY `id` bigint(20) UNSIGNED NOT NULL AUTO_INCREMENT, AUTO_INCREMENT=51;

--
-- AUTO_INCREMENT for table `reviews`
--
ALTER TABLE `reviews`
  MODIFY `id` bigint(20) UNSIGNED NOT NULL AUTO_INCREMENT, AUTO_INCREMENT=301;

--
-- AUTO_INCREMENT for table `users`
--
ALTER TABLE `users`
  MODIFY `id` bigint(20) UNSIGNED NOT NULL AUTO_INCREMENT;

--
-- Constraints for dumped tables
--

--
-- Constraints for table `reviews`
--
ALTER TABLE `reviews`
  ADD CONSTRAINT `1` FOREIGN KEY (`product_id`) REFERENCES `products` (`id`) ON DELETE CASCADE;
COMMIT;

/*!40101 SET CHARACTER_SET_CLIENT=@OLD_CHARACTER_SET_CLIENT */;
/*!40101 SET CHARACTER_SET_RESULTS=@OLD_CHARACTER_SET_RESULTS */;
/*!40101 SET COLLATION_CONNECTION=@OLD_COLLATION_CONNECTION */;
